-- MySQL dump 10.13  Distrib 8.0.42, for Linux (x86_64)
--
-- Host: localhost    Database: quanlydiem
-- ------------------------------------------------------
-- Server version	8.0.42-0ubuntu0.20.04.1

/*!40101 SET @OLD_CHARACTER_SET_CLIENT=@@CHARACTER_SET_CLIENT */;
/*!40101 SET @OLD_CHARACTER_SET_RESULTS=@@CHARACTER_SET_RESULTS */;
/*!40101 SET @OLD_COLLATION_CONNECTION=@@COLLATION_CONNECTION */;
/*!50503 SET NAMES utf8mb4 */;
/*!40103 SET @OLD_TIME_ZONE=@@TIME_ZONE */;
/*!40103 SET TIME_ZONE='+00:00' */;
/*!40014 SET @OLD_UNIQUE_CHECKS=@@UNIQUE_CHECKS, UNIQUE_CHECKS=0 */;
/*!40014 SET @OLD_FOREIGN_KEY_CHECKS=@@FOREIGN_KEY_CHECKS, FOREIGN_KEY_CHECKS=0 */;
/*!40101 SET @OLD_SQL_MODE=@@SQL_MODE, SQL_MODE='NO_AUTO_VALUE_ON_ZERO' */;
/*!40111 SET @OLD_SQL_NOTES=@@SQL_NOTES, SQL_NOTES=0 */;

--
-- Table structure for table `bao_cao`
--

DROP TABLE IF EXISTS `bao_cao`;
/*!40101 SET @saved_cs_client     = @@character_set_client */;
/*!50503 SET character_set_client = utf8mb4 */;
CREATE TABLE `bao_cao` (
  `id` int NOT NULL AUTO_INCREMENT,
  `ten_bao_cao` varchar(255) CHARACTER SET utf8mb4 COLLATE utf8mb4_unicode_ci NOT NULL COMMENT 'Tên báo cáo (ví dụ: Báo cáo ngày 2024-01-15)',
  `ngay_bao_cao` date NOT NULL COMMENT 'Ngày của báo cáo',
  `duong_dan_file` varchar(500) CHARACTER SET utf8mb4 COLLATE utf8mb4_unicode_ci DEFAULT NULL COMMENT 'Đường dẫn file Excel đã xuất (nếu có)',
  `loai_bao_cao` enum('tu_dong','thu_cong') CHARACTER SET utf8mb4 COLLATE utf8mb4_unicode_ci NOT NULL DEFAULT 'thu_cong' COMMENT 'Loại báo cáo: tự động (23h59) hoặc thủ công',
  `created_at` timestamp NULL DEFAULT CURRENT_TIMESTAMP,
  `updated_at` timestamp NULL DEFAULT CURRENT_TIMESTAMP ON UPDATE CURRENT_TIMESTAMP,
  PRIMARY KEY (`id`),
  KEY `idx_ngay_bao_cao` (`ngay_bao_cao`),
  KEY `idx_created_at` (`created_at`)
) ENGINE=InnoDB AUTO_INCREMENT=12 DEFAULT CHARSET=utf8mb4 COLLATE=utf8mb4_unicode_ci;
/*!40101 SET character_set_client = @saved_cs_client */;

--
-- Dumping data for table `bao_cao`
--

LOCK TABLES `bao_cao` WRITE;
/*!40000 ALTER TABLE `bao_cao` DISABLE KEYS */;
/*!40000 ALTER TABLE `bao_cao` ENABLE KEYS */;
UNLOCK TABLES;

--
-- Table structure for table `giao_dich`
--

DROP TABLE IF EXISTS `giao_dich`;
/*!40101 SET @saved_cs_client     = @@character_set_client */;
/*!50503 SET character_set_client = utf8mb4 */;
CREATE TABLE `giao_dich` (
  `id` int NOT NULL AUTO_INCREMENT,
  `id_nguoi_gui` int NOT NULL,
  `id_nguoi_nhan` int NOT NULL,
  `id_loai_giao_dich` int NOT NULL,
  `so_diem_giao_dich` decimal(10,2) NOT NULL COMMENT 'Số điểm trong giao dịch',
  `diem_sau_giao_dich_nguoi_gui` decimal(10,2) DEFAULT NULL COMMENT 'Số điểm của người gửi sau giao dịch',
  `diem_sau_giao_dich_nguoi_nhan` decimal(10,2) DEFAULT NULL COMMENT 'Số điểm của người nhận sau giao dịch',
  `id_giao_dich_doi_chung` int DEFAULT NULL COMMENT 'ID của giao dịch đối chứng (nếu có)',
  `noi_dung_giao_dich` text CHARACTER SET utf8mb4 COLLATE utf8mb4_unicode_ci COMMENT 'Nội dung giao dịch (có thể NULL)',
  `trang_thai` enum('chua_chot','da_chot') CHARACTER SET utf8mb4 COLLATE utf8mb4_unicode_ci NOT NULL DEFAULT 'chua_chot' COMMENT 'Trạng thái giao dịch: chua_chot (chưa chốt), da_chot (đã chốt)',
  `created_at` timestamp NULL DEFAULT CURRENT_TIMESTAMP,
  `updated_at` timestamp NULL DEFAULT CURRENT_TIMESTAMP ON UPDATE CURRENT_TIMESTAMP,
  PRIMARY KEY (`id`),
  KEY `idx_nguoi_gui` (`id_nguoi_gui`),
  KEY `idx_nguoi_nhan` (`id_nguoi_nhan`),
  KEY `idx_loai_giao_dich` (`id_loai_giao_dich`),
  KEY `idx_giao_dich_doi_chung` (`id_giao_dich_doi_chung`),
  KEY `idx_created_at` (`created_at`),
  KEY `idx_trang_thai` (`trang_thai`),
  CONSTRAINT `fk_giao_dich_nguoi_gui` FOREIGN KEY (`id_nguoi_gui`) REFERENCES `nguoi_dung` (`id`) ON DELETE RESTRICT ON UPDATE CASCADE,
  CONSTRAINT `fk_giao_dich_nguoi_nhan` FOREIGN KEY (`id_nguoi_nhan`) REFERENCES `nguoi_dung` (`id`) ON DELETE RESTRICT ON UPDATE CASCADE,
  CONSTRAINT `giao_dich_ibfk_3` FOREIGN KEY (`id_loai_giao_dich`) REFERENCES `loai_giao_dich` (`id`) ON DELETE RESTRICT,
  CONSTRAINT `giao_dich_ibfk_4` FOREIGN KEY (`id_giao_dich_doi_chung`) REFERENCES `giao_dich` (`id`) ON DELETE SET NULL
) ENGINE=InnoDB AUTO_INCREMENT=356 DEFAULT CHARSET=utf8mb4 COLLATE=utf8mb4_unicode_ci;
/*!40101 SET character_set_client = @saved_cs_client */;

--
-- Dumping data for table `giao_dich`
--

LOCK TABLES `giao_dich` WRITE;
/*!40000 ALTER TABLE `giao_dich` DISABLE KEYS */;
INSERT INTO `giao_dich` VALUES (330,4487,4433,1,0.50,-816.50,0.00,NULL,'san @Tài Xuân 0.5','da_chot','2025-12-20 05:01:08','2025-12-20 05:01:08'),(331,3680,4482,2,0.25,18.00,-2.50,NULL,'Tiễn 4:00 phố cổ 220 0,25','da_chot','2025-12-20 05:04:32','2025-12-20 05:04:47'),(332,3717,4395,2,0.50,7.50,-0.75,NULL,'Đón luôn T2 về pc ck 250k 0,5','da_chot','2025-12-20 05:07:42','2025-12-20 05:07:49'),(333,3683,4131,2,0.75,17.00,-0.75,NULL,'T2 cầu diễn 250 0.75','da_chot','2025-12-20 05:09:05','2025-12-20 05:21:53'),(334,3782,3976,2,0.25,3.75,0.25,NULL,'Tiễn 6h45 Tân mai vs huỳnh văn nghệ Lb sedan ki10 thu 270k   0.25','da_chot','2025-12-20 05:18:38','2025-12-20 05:21:53'),(336,4269,3774,2,0.75,0.75,3.00,NULL,'Biển tên quốc tế\nTk262 hạ 7h02 về Nguyễn trường tộ ck 270k 0,75','da_chot','2025-12-20 05:20:19','2025-12-20 05:21:53'),(337,3853,4447,2,0.25,2.25,-0.75,NULL,'8h  Vin Smartcity đi thôn phú thọ xã đông xuân sóc sơn thu 250k yc sedan ki10 ( 0.25d)','da_chot','2025-12-20 05:21:33','2025-12-20 05:21:53'),(339,3698,4265,2,0.25,10.50,-0.25,NULL,'Tiễn SB xe 7c lúc 7h30.  Tại hàng bông.  Ck 230.000. 0.25','da_chot','2025-12-20 05:26:45','2025-12-20 05:26:51'),(340,4409,4129,2,0.25,NULL,NULL,NULL,'Xpander, huydai stagazer\nTiễn 8h15 x7 to hoặc có giá nóc\nGia quất - T2 ck 300k 0,25\n2 khách , 6 kiện hàng va ly . Lái xe vui vẻ nhận','chua_chot','2025-12-20 07:33:31','2025-12-20 07:33:31'),(341,3710,4487,1,7.50,0.25,-809.00,NULL,'San @Kế Toán Full House 7.5 diem','da_chot','2025-12-20 07:33:31','2025-12-20 07:33:31'),(342,3675,4482,2,1.00,NULL,NULL,NULL,'+1,,    Sảnh t2 về ngay hàng gà ,, 250k','chua_chot','2025-12-20 07:33:31','2025-12-20 07:33:31'),(343,3675,3674,2,0.75,NULL,NULL,NULL,'+1,,    Sảnh t2 về ngay hàng gà ,, 250k','chua_chot','2025-12-20 07:33:31','2025-12-20 07:33:31'),(344,3765,4447,2,0.75,NULL,NULL,NULL,'T2 về ngay ➜ Trường Đại học Thành Đô, Lai Xá, Hoài Đức 250k 0.75','chua_chot','2025-12-20 07:35:19','2025-12-20 07:35:19'),(345,3675,3854,2,0.75,NULL,NULL,NULL,'0,75,,   sedan cóp rộng    Sảnh t2 về ngay bát sứ ,, 250k','chua_chot','2025-12-20 07:35:19','2025-12-20 07:35:19'),(346,3782,3750,2,0.25,NULL,NULL,NULL,'Tiên 9h cc 47 nguyễn tuân vs vimeco tú mỡ sedan ki10 thu 230k 0.25','chua_chot','2025-12-20 07:35:19','2025-12-20 07:35:19'),(347,3675,4456,2,0.75,NULL,NULL,NULL,'0,75,,   sedan cóp rộng    Sảnh t2 về ngay bát sứ ,, 250k','chua_chot','2025-12-20 07:40:55','2025-12-20 07:40:55'),(348,3677,3854,2,1.00,NULL,NULL,NULL,'sảnh t2 - pc ck250 1d','chua_chot','2025-12-20 07:40:55','2025-12-20 07:40:55'),(349,3674,3723,2,0.50,NULL,NULL,NULL,'tiễn 9h pc xe 7c ck 220k','chua_chot','2025-12-20 07:40:55','2025-12-20 07:40:55'),(350,3744,4478,2,0.25,NULL,NULL,NULL,'Tiễn 8:30 đào duy từ 200k 0.25','chua_chot','2025-12-20 07:40:55','2025-12-20 07:40:55'),(351,3677,4129,2,1.00,NULL,NULL,NULL,'sảnh t2 - pc ck250 1d','chua_chot','2025-12-20 07:40:55','2025-12-20 07:40:55'),(352,3902,3948,2,1.00,NULL,NULL,NULL,'X5, sảnh T1 về Phú Thượng 270k, 1đ','chua_chot','2025-12-20 07:44:17','2025-12-20 07:44:17'),(353,3728,4371,2,0.50,NULL,NULL,NULL,'Tien 9h30 le phung hieu 200k\n0.5','chua_chot','2025-12-20 07:44:17','2025-12-20 07:44:17'),(354,3703,4410,2,0.25,NULL,NULL,NULL,'9h tiễn bx 9h sáng 20/12  từ Flamingo Đại Lãi lên sân bay Nội Bài 270k - 0,25d','chua_chot','2025-12-20 07:44:17','2025-12-20 07:44:17'),(355,3677,4444,2,1.00,NULL,NULL,NULL,'sảnh t2 - pc ck270 1d','chua_chot','2025-12-20 07:44:17','2025-12-20 07:44:17');
/*!40000 ALTER TABLE `giao_dich` ENABLE KEYS */;
UNLOCK TABLES;

--
-- Table structure for table `loai_giao_dich`
--

DROP TABLE IF EXISTS `loai_giao_dich`;
/*!40101 SET @saved_cs_client     = @@character_set_client */;
/*!50503 SET character_set_client = utf8mb4 */;
CREATE TABLE `loai_giao_dich` (
  `id` int NOT NULL AUTO_INCREMENT,
  `ten_loai_giao_dich` varchar(100) CHARACTER SET utf8mb4 COLLATE utf8mb4_unicode_ci NOT NULL COMMENT '3 loại: San điểm, Giao lịch, Hủy lịch',
  `created_at` timestamp NULL DEFAULT CURRENT_TIMESTAMP,
  `updated_at` timestamp NULL DEFAULT CURRENT_TIMESTAMP ON UPDATE CURRENT_TIMESTAMP,
  PRIMARY KEY (`id`),
  UNIQUE KEY `ten_loai_giao_dich` (`ten_loai_giao_dich`)
) ENGINE=InnoDB AUTO_INCREMENT=7 DEFAULT CHARSET=utf8mb4 COLLATE=utf8mb4_unicode_ci;
/*!40101 SET character_set_client = @saved_cs_client */;

--
-- Dumping data for table `loai_giao_dich`
--

LOCK TABLES `loai_giao_dich` WRITE;
/*!40000 ALTER TABLE `loai_giao_dich` DISABLE KEYS */;
INSERT INTO `loai_giao_dich` VALUES (1,'San điểm','2025-12-07 03:23:05','2025-12-07 03:23:05'),(2,'Giao lịch','2025-12-07 03:23:05','2025-12-07 03:23:05'),(3,'Hủy lịch','2025-12-07 03:23:05','2025-12-07 03:23:05');
/*!40000 ALTER TABLE `loai_giao_dich` ENABLE KEYS */;
UNLOCK TABLES;

--
-- Table structure for table `logs`
--

DROP TABLE IF EXISTS `logs`;
/*!40101 SET @saved_cs_client     = @@character_set_client */;
/*!50503 SET character_set_client = utf8mb4 */;
CREATE TABLE `logs` (
  `id` int NOT NULL AUTO_INCREMENT,
  `id_giao_dich` int NOT NULL,
  `so_diem_con_lai_nguoi_nhan` decimal(10,2) NOT NULL COMMENT 'Số điểm còn lại của người nhận sau giao dịch',
  `so_diem_con_lai_nguoi_gui` decimal(10,2) NOT NULL COMMENT 'Số điểm còn lại của người gửi sau giao dịch',
  `created_at` timestamp NULL DEFAULT CURRENT_TIMESTAMP,
  PRIMARY KEY (`id`),
  KEY `idx_giao_dich` (`id_giao_dich`),
  KEY `idx_created_at` (`created_at`),
  CONSTRAINT `logs_ibfk_1` FOREIGN KEY (`id_giao_dich`) REFERENCES `giao_dich` (`id`) ON DELETE CASCADE
) ENGINE=InnoDB AUTO_INCREMENT=623 DEFAULT CHARSET=utf8mb4 COLLATE=utf8mb4_unicode_ci;
/*!40101 SET character_set_client = @saved_cs_client */;

--
-- Dumping data for table `logs`
--

LOCK TABLES `logs` WRITE;
/*!40000 ALTER TABLE `logs` DISABLE KEYS */;
INSERT INTO `logs` VALUES (588,330,0.00,-816.50,'2025-12-20 05:01:08'),(589,331,-2.25,17.75,'2025-12-20 05:04:32'),(590,331,-2.50,18.00,'2025-12-20 05:04:47'),(591,332,-0.25,7.00,'2025-12-20 05:07:42'),(592,332,-0.75,7.50,'2025-12-20 05:07:49'),(593,333,0.00,16.25,'2025-12-20 05:09:05'),(594,334,0.50,3.50,'2025-12-20 05:18:38'),(596,336,3.75,0.00,'2025-12-20 05:20:19'),(597,337,-0.50,2.00,'2025-12-20 05:21:33'),(598,333,-0.75,17.00,'2025-12-20 05:21:53'),(599,334,0.25,3.75,'2025-12-20 05:21:53'),(601,336,3.00,0.75,'2025-12-20 05:21:53'),(602,337,-0.75,2.25,'2025-12-20 05:21:53'),(605,339,0.00,10.25,'2025-12-20 05:26:45'),(606,339,-0.25,10.50,'2025-12-20 05:26:51'),(607,340,0.00,-0.25,'2025-12-20 07:33:31'),(608,341,-809.00,0.25,'2025-12-20 07:33:31'),(609,342,-2.50,40.75,'2025-12-20 07:33:31'),(610,343,49.50,40.75,'2025-12-20 07:33:31'),(611,344,-0.75,4.00,'2025-12-20 07:35:19'),(612,345,1.75,40.75,'2025-12-20 07:35:19'),(613,346,4.25,3.75,'2025-12-20 07:35:19'),(614,347,-0.75,40.75,'2025-12-20 07:40:55'),(615,348,1.75,37.00,'2025-12-20 07:40:55'),(616,349,6.50,49.50,'2025-12-20 07:40:55'),(617,350,-1.50,4.75,'2025-12-20 07:40:55'),(618,351,0.00,37.00,'2025-12-20 07:40:55'),(619,352,1.00,1.25,'2025-12-20 07:44:17'),(620,353,0.00,6.25,'2025-12-20 07:44:17'),(621,354,-0.25,9.00,'2025-12-20 07:44:17'),(622,355,-0.50,37.00,'2025-12-20 07:44:17');
/*!40000 ALTER TABLE `logs` ENABLE KEYS */;
UNLOCK TABLES;

--
-- Table structure for table `nguoi_dung`
--

DROP TABLE IF EXISTS `nguoi_dung`;
/*!40101 SET @saved_cs_client     = @@character_set_client */;
/*!50503 SET character_set_client = utf8mb4 */;
CREATE TABLE `nguoi_dung` (
  `id` int NOT NULL AUTO_INCREMENT,
  `ten_zalo` varchar(255) CHARACTER SET utf8mb4 COLLATE utf8mb4_unicode_ci NOT NULL,
  `sdt` varchar(20) CHARACTER SET utf8mb4 COLLATE utf8mb4_unicode_ci DEFAULT NULL,
  `so_diem` decimal(10,2) NOT NULL DEFAULT '0.00' COMMENT 'Số điểm có thể là số thập phân, số âm (vd: -1.5, 2.5, 3, -0.5)',
  `la_admin` tinyint(1) NOT NULL DEFAULT '0',
  `mat_khau` varchar(255) CHARACTER SET utf8mb4 COLLATE utf8mb4_unicode_ci NOT NULL COMMENT 'Mật khẩu đã được hash',
  `thong_tin_xe` longtext CHARACTER SET utf8mb4 COLLATE utf8mb4_unicode_ci COMMENT 'Thông tin xe',
  `created_at` timestamp NULL DEFAULT CURRENT_TIMESTAMP,
  `updated_at` timestamp NULL DEFAULT CURRENT_TIMESTAMP ON UPDATE CURRENT_TIMESTAMP,
  PRIMARY KEY (`id`),
  KEY `idx_ten_zalo` (`ten_zalo`),
  KEY `idx_sdt` (`sdt`),
  KEY `idx_la_admin` (`la_admin`)
) ENGINE=InnoDB AUTO_INCREMENT=4488 DEFAULT CHARSET=utf8mb4 COLLATE=utf8mb4_unicode_ci;
/*!40101 SET character_set_client = @saved_cs_client */;

--
-- Dumping data for table `nguoi_dung`
--

LOCK TABLES `nguoi_dung` WRITE;
/*!40000 ALTER TABLE `nguoi_dung` DISABLE KEYS */;
INSERT INTO `nguoi_dung` VALUES (494,'Admin2','0123456789',19.50,1,'Admin@12',NULL,'2025-12-20 03:49:39','2025-12-20 03:49:39'),(3673,'Duc Quang Duong','0123456789',53.00,0,'123456',NULL,'2025-12-20 04:31:41','2025-12-20 04:31:41'),(3674,'Cty Xe Nội Bài Tour','0123456789',49.50,0,'123456',NULL,'2025-12-20 04:31:41','2025-12-20 04:31:41'),(3675,'Thole','0123456789',40.75,0,'123456',NULL,'2025-12-20 04:31:41','2025-12-20 04:31:41'),(3676,'Nguyệt Bảo Minh','0123456789',39.50,0,'123456',NULL,'2025-12-20 04:31:41','2025-12-20 04:31:41'),(3677,'Bao Minh Travel','0123456789',37.00,0,'123456',NULL,'2025-12-20 04:31:41','2025-12-20 04:31:41'),(3678,'xe noi bai hn','0123456789',23.75,0,'123456',NULL,'2025-12-20 04:31:41','2025-12-20 04:31:41'),(3679,'Diệp Diệp','0123456789',19.75,0,'123456',NULL,'2025-12-20 04:31:41','2025-12-20 04:31:41'),(3680,'Optical Airport','0123456789',18.00,0,'123456',NULL,'2025-12-20 04:31:41','2025-12-20 05:04:47'),(3681,'Tuấn','0123456789',16.75,0,'123456',NULL,'2025-12-20 04:31:41','2025-12-20 04:31:41'),(3682,'Tuấn Tú Transport Hà Nội','0123456789',16.75,0,'123456',NULL,'2025-12-20 04:31:41','2025-12-20 04:31:41'),(3683,'Jun','0123456789',17.00,0,'123456',NULL,'2025-12-20 04:31:41','2025-12-20 05:21:53'),(3684,'Nguyen Quoc Noi','0123456789',15.75,0,'123456',NULL,'2025-12-20 04:31:41','2025-12-20 04:31:41'),(3685,'Pvthangfr','0123456789',15.75,0,'123456',NULL,'2025-12-20 04:31:41','2025-12-20 04:31:41'),(3686,'Nguyễn Minh Thắng','0123456789',14.50,0,'123456',NULL,'2025-12-20 04:31:41','2025-12-20 04:31:41'),(3687,'Dũng William','0123456789',13.50,0,'123456',NULL,'2025-12-20 04:31:41','2025-12-20 04:31:41'),(3688,'Điều Hành PHCAR Airport','0123456789',12.75,0,'123456',NULL,'2025-12-20 04:31:41','2025-12-20 04:31:41'),(3689,'Long Denso Dna','0123456789',11.75,0,'123456',NULL,'2025-12-20 04:31:41','2025-12-20 04:31:41'),(3690,'Hoàng Long','0123456789',11.50,0,'123456',NULL,'2025-12-20 04:31:41','2025-12-20 04:31:41'),(3691,'Long Troc','0123456789',10.75,0,'123456',NULL,'2025-12-20 04:31:41','2025-12-20 04:31:41'),(3692,'Nguyễn Thành Trung','0123456789',10.50,0,'123456',NULL,'2025-12-20 04:31:41','2025-12-20 04:31:41'),(3693,'DKT PLUS','0123456789',10.50,0,'123456',NULL,'2025-12-20 04:31:41','2025-12-20 04:31:41'),(3694,'Vipcars','0123456789',10.50,0,'123456',NULL,'2025-12-20 04:31:41','2025-12-20 04:31:41'),(3695,'Vương Long','0123456789',10.50,0,'123456',NULL,'2025-12-20 04:31:41','2025-12-20 04:31:41'),(3696,'Nguyen Son Fortuner','0123456789',10.25,0,'123456',NULL,'2025-12-20 04:31:41','2025-12-20 04:31:41'),(3697,'Van Sinh Hoang','0123456789',10.25,0,'123456',NULL,'2025-12-20 04:31:41','2025-12-20 04:31:41'),(3698,'Vận Tải Minh Tâm','0123456789',10.50,0,'123456',NULL,'2025-12-20 04:31:41','2025-12-20 05:26:51'),(3699,'Quang Anh Bi','0123456789',9.75,0,'123456',NULL,'2025-12-20 04:31:41','2025-12-20 04:31:41'),(3700,'Quang Thoa Vé Máy Bay Giá Rẻ','0123456789',9.50,0,'123456',NULL,'2025-12-20 04:31:41','2025-12-20 04:31:41'),(3701,'Khải Hoàn Tour','0123456789',9.25,0,'123456',NULL,'2025-12-20 04:31:41','2025-12-20 04:31:41'),(3702,'Bằng Hip','0123456789',9.25,0,'123456',NULL,'2025-12-20 04:31:41','2025-12-20 04:31:41'),(3703,'Điều Phối Xe Tiết Kiệm','0123456789',9.00,0,'123456',NULL,'2025-12-20 04:31:41','2025-12-20 04:31:41'),(3704,'Minh Thư Transport','0123456789',9.00,0,'123456',NULL,'2025-12-20 04:31:41','2025-12-20 04:31:41'),(3705,'Pho Duc Tuan','0123456789',8.75,0,'123456',NULL,'2025-12-20 04:31:41','2025-12-20 04:31:41'),(3706,'Điều Hành P B A Thành Trung','0123456789',8.75,0,'123456',NULL,'2025-12-20 04:31:41','2025-12-20 04:31:41'),(3707,'A Athanh Nb','0123456789',8.25,0,'123456',NULL,'2025-12-20 04:31:41','2025-12-20 04:31:41'),(3708,'Operating Travel','0123456789',8.25,0,'123456',NULL,'2025-12-20 04:31:41','2025-12-20 04:31:41'),(3709,'Hải Nguyễn Pt','0123456789',8.00,0,'123456',NULL,'2025-12-20 04:31:41','2025-12-20 04:31:41'),(3710,'LÊ QUYẾT','0123456789',0.25,0,'123456',NULL,'2025-12-20 04:31:41','2025-12-20 07:33:31'),(3711,'Khắc Định','0123456789',7.75,0,'123456',NULL,'2025-12-20 04:31:41','2025-12-20 04:31:41'),(3712,'Hoang Minh Transport','0123456789',7.75,0,'123456',NULL,'2025-12-20 04:31:41','2025-12-20 04:31:41'),(3713,'Đinh Kim Dung','0123456789',7.50,0,'123456',NULL,'2025-12-20 04:31:41','2025-12-20 04:31:41'),(3714,'Cty Lâm Quyết','0123456789',7.50,0,'123456',NULL,'2025-12-20 04:31:41','2025-12-20 04:31:41'),(3715,'Tuấn Sáu','0123456789',7.25,0,'123456',NULL,'2025-12-20 04:31:41','2025-12-20 04:31:41'),(3716,'Lam Mazda','0123456789',7.25,0,'123456',NULL,'2025-12-20 04:31:41','2025-12-20 04:31:41'),(3717,'Bùi Duy Ninh','0123456789',7.50,0,'123456',NULL,'2025-12-20 04:31:41','2025-12-20 05:07:49'),(3718,'Mr Quân Xe Sân Bay Du Lịch','0123456789',7.00,0,'123456',NULL,'2025-12-20 04:31:41','2025-12-20 04:31:41'),(3719,'Mr Hoang','0123456789',7.00,0,'123456',NULL,'2025-12-20 04:31:41','2025-12-20 04:31:41'),(3720,'Luxury Car Hà Nội','0123456789',6.75,0,'123456',NULL,'2025-12-20 04:31:41','2025-12-20 04:31:41'),(3721,'Phạm Quang','0123456789',6.75,0,'123456',NULL,'2025-12-20 04:31:41','2025-12-20 04:31:41'),(3722,'Duy Tấn','0123456789',6.75,0,'123456',NULL,'2025-12-20 04:31:41','2025-12-20 04:31:41'),(3723,'Nguyễn Minh Hải','0123456789',6.50,0,'123456',NULL,'2025-12-20 04:31:41','2025-12-20 04:31:41'),(3724,'Tran Quang Giang','0123456789',6.50,0,'123456',NULL,'2025-12-20 04:31:41','2025-12-20 04:31:41'),(3725,'Cu Ly Thành Phố','0123456789',6.50,0,'123456',NULL,'2025-12-20 04:31:41','2025-12-20 04:31:41'),(3726,'Xe Ong Vàng Sân Bay Đi Tỉnh','0123456789',6.25,0,'123456',NULL,'2025-12-20 04:31:41','2025-12-20 04:31:41'),(3727,'Quang Cerato','0123456789',6.25,0,'123456',NULL,'2025-12-20 04:31:41','2025-12-20 04:31:41'),(3728,'XedulichVietnam','0123456789',6.25,0,'123456',NULL,'2025-12-20 04:31:41','2025-12-20 04:31:41'),(3729,'Mai Lâm','0123456789',5.75,0,'123456',NULL,'2025-12-20 04:31:41','2025-12-20 04:31:41'),(3730,'Tranndai','0123456789',5.75,0,'123456',NULL,'2025-12-20 04:31:41','2025-12-20 04:31:41'),(3731,'Nguyễn Tùng Ca','0123456789',5.50,0,'123456',NULL,'2025-12-20 04:31:41','2025-12-20 04:31:41'),(3732,'Xe Sân Bay Duy Minh','0123456789',5.50,0,'123456',NULL,'2025-12-20 04:31:41','2025-12-20 04:31:41'),(3733,'Luxury Car Airport','0123456789',5.50,0,'123456',NULL,'2025-12-20 04:31:41','2025-12-20 04:31:41'),(3734,'Bình Minh Khai Innova','0123456789',5.50,0,'123456',NULL,'2025-12-20 04:31:41','2025-12-20 04:31:41'),(3735,'Ngọc Châm','0123456789',5.50,0,'123456',NULL,'2025-12-20 04:31:41','2025-12-20 04:31:41'),(3736,'Hiển Xe Du Lịch Bảo Minh','0123456789',5.50,0,'123456',NULL,'2025-12-20 04:31:41','2025-12-20 04:31:41'),(3737,'Sơn','0123456789',5.50,0,'123456',NULL,'2025-12-20 04:31:41','2025-12-20 04:31:41'),(3738,'Duc Bui','0123456789',5.50,0,'123456',NULL,'2025-12-20 04:31:41','2025-12-20 04:31:41'),(3739,'Trần Quân','0123456789',5.50,0,'123456',NULL,'2025-12-20 04:31:41','2025-12-20 04:31:41'),(3740,'Nguyen Thanh Trung','0123456789',5.25,0,'123456',NULL,'2025-12-20 04:31:41','2025-12-20 04:31:41'),(3741,'Phong Le','0123456789',5.25,0,'123456',NULL,'2025-12-20 04:31:41','2025-12-20 04:31:41'),(3742,'An Xe Nội Bài','0123456789',5.00,0,'123456',NULL,'2025-12-20 04:31:41','2025-12-20 04:31:41'),(3743,'Tong Dai Tiên Rồng','0123456789',4.75,0,'123456',NULL,'2025-12-20 04:31:41','2025-12-20 04:31:41'),(3744,'Mạnh Hùng','0123456789',4.75,0,'123456',NULL,'2025-12-20 04:31:41','2025-12-20 04:31:41'),(3745,'Ha Tưởng','0123456789',4.75,0,'123456',NULL,'2025-12-20 04:31:41','2025-12-20 04:31:41'),(3746,'Hải Anh Lê Travel','0123456789',4.50,0,'123456',NULL,'2025-12-20 04:31:41','2025-12-20 04:31:41'),(3747,'Mạnh Civic','0123456789',4.50,0,'123456',NULL,'2025-12-20 04:31:41','2025-12-20 04:31:41'),(3748,'Mai Ngọc Chi','0123456789',4.50,0,'123456',NULL,'2025-12-20 04:31:41','2025-12-20 04:31:41'),(3749,'Tuấn An Dương','0123456789',4.50,0,'123456',NULL,'2025-12-20 04:31:41','2025-12-20 04:31:41'),(3750,'Lê Trọng Thanh','0123456789',4.25,0,'123456',NULL,'2025-12-20 04:31:41','2025-12-20 04:31:41'),(3751,'Thu Trần','0123456789',4.25,0,'123456',NULL,'2025-12-20 04:31:41','2025-12-20 04:31:41'),(3752,'Dịch Vụ Đưa Đón Sân Bay','0123456789',4.25,0,'123456',NULL,'2025-12-20 04:31:41','2025-12-20 04:31:41'),(3753,'Tung Tunerfor','0123456789',4.00,0,'123456',NULL,'2025-12-20 04:31:41','2025-12-20 04:31:41'),(3754,'Hieu Nguyen','0123456789',4.00,0,'123456',NULL,'2025-12-20 04:31:41','2025-12-20 04:31:41'),(3755,'Đièu Hành Xe Nội Bai','0123456789',4.00,0,'123456',NULL,'2025-12-20 04:31:41','2025-12-20 04:31:41'),(3756,'Tran Phuc','0123456789',4.00,0,'123456',NULL,'2025-12-20 04:31:41','2025-12-20 04:31:41'),(3757,'Xe Nội Bài Trường Yên','0123456789',4.00,0,'123456',NULL,'2025-12-20 04:31:41','2025-12-20 04:31:41'),(3758,'Do Van Dien','0123456789',4.00,0,'123456',NULL,'2025-12-20 04:31:41','2025-12-20 04:31:41'),(3759,'Mạnh Thắng','0123456789',4.00,0,'123456',NULL,'2025-12-20 04:31:41','2025-12-20 04:31:41'),(3760,'Nguyentrung','0123456789',4.00,0,'123456',NULL,'2025-12-20 04:31:41','2025-12-20 04:31:41'),(3761,'Lê Ngọc Minh','0123456789',4.00,0,'123456',NULL,'2025-12-20 04:31:41','2025-12-20 04:31:41'),(3762,'Lãng Tử Tài Xế','0123456789',4.00,0,'123456',NULL,'2025-12-20 04:31:41','2025-12-20 04:31:41'),(3763,'Kiên Tp','0123456789',4.00,0,'123456',NULL,'2025-12-20 04:31:41','2025-12-20 04:31:41'),(3764,'Bìnhboong','0123456789',4.00,0,'123456',NULL,'2025-12-20 04:31:41','2025-12-20 04:31:41'),(3765,'Xevipnoibaivn','0123456789',4.00,0,'123456',NULL,'2025-12-20 04:31:41','2025-12-20 04:31:41'),(3766,'Anh Tú Airport','0123456789',4.00,0,'123456',NULL,'2025-12-20 04:31:41','2025-12-20 04:31:41'),(3767,'Thang Dai Nam','0123456789',3.75,0,'123456',NULL,'2025-12-20 04:31:41','2025-12-20 04:31:41'),(3768,'Tuấn Lee','0123456789',3.75,0,'123456',NULL,'2025-12-20 04:31:41','2025-12-20 04:31:41'),(3769,'Quý Trần','0123456789',3.75,0,'123456',NULL,'2025-12-20 04:31:41','2025-12-20 04:31:41'),(3770,'Văn Mạnh','0123456789',3.75,0,'123456',NULL,'2025-12-20 04:31:41','2025-12-20 04:31:41'),(3771,'Nguyễn Đình Trung','0123456789',3.75,0,'123456',NULL,'2025-12-20 04:31:41','2025-12-20 04:31:41'),(3772,'Linh Nguyên Linh','0123456789',3.75,0,'123456',NULL,'2025-12-20 04:31:41','2025-12-20 04:31:41'),(3773,'Quang Hiep','0123456789',3.75,0,'123456',NULL,'2025-12-20 04:33:17','2025-12-20 04:33:17'),(3774,'Tia Chớp Đen','0123456789',3.00,0,'123456',NULL,'2025-12-20 04:33:17','2025-12-20 05:21:53'),(3775,'Trần Thành Fortuner','0123456789',3.75,0,'123456',NULL,'2025-12-20 04:33:17','2025-12-20 04:33:17'),(3776,'Điều Hành Vnwondertour','0123456789',3.75,0,'123456',NULL,'2025-12-20 04:33:17','2025-12-20 04:33:17'),(3777,'Cường Vios','0123456789',3.75,0,'123456',NULL,'2025-12-20 04:33:17','2025-12-20 04:33:17'),(3778,'Đức Toàn','0123456789',3.50,0,'123456',NULL,'2025-12-20 04:33:17','2025-12-20 04:33:17'),(3779,'Gia Airport','0123456789',3.50,0,'123456',NULL,'2025-12-20 04:33:17','2025-12-20 04:33:17'),(3780,'Son Nt','0123456789',3.50,0,'123456',NULL,'2025-12-20 04:33:17','2025-12-20 04:33:17'),(3781,'Đh Xe Mp','0123456789',3.50,0,'123456',NULL,'2025-12-20 04:33:17','2025-12-20 04:33:17'),(3782,'Tú Vios','0123456789',3.75,0,'123456',NULL,'2025-12-20 04:33:17','2025-12-20 05:21:53'),(3783,'Tuan Le Innova','0123456789',3.50,0,'123456',NULL,'2025-12-20 04:33:17','2025-12-20 04:33:17'),(3784,'Tuyên Nguyễn','0123456789',3.50,0,'123456',NULL,'2025-12-20 04:33:17','2025-12-20 04:33:17'),(3785,'Viettravel','0123456789',3.50,0,'123456',NULL,'2025-12-20 04:33:17','2025-12-20 04:33:17'),(3786,'Vi Tiểu Bảo','0123456789',3.25,0,'123456',NULL,'2025-12-20 04:33:17','2025-12-20 04:33:17'),(3787,'Cường 0948637456','0123456789',3.25,0,'123456',NULL,'2025-12-20 04:33:17','2025-12-20 04:33:17'),(3788,'Trung Nguyen miễn KT','0123456789',3.25,0,'123456',NULL,'2025-12-20 04:33:17','2025-12-20 04:33:17'),(3789,'Nguyễn Tuấn 0359636145','0123456789',3.25,0,'123456',NULL,'2025-12-20 04:33:17','2025-12-20 04:33:17'),(3790,'Nhà Xe Thành Công','0123456789',3.25,0,'123456',NULL,'2025-12-20 04:33:17','2025-12-20 04:33:17'),(3791,'Nhimcoi','0123456789',3.25,0,'123456',NULL,'2025-12-20 04:33:17','2025-12-20 04:33:17'),(3792,'Quang Lốp Xe Sân Bay','0123456789',3.25,0,'123456',NULL,'2025-12-20 04:33:17','2025-12-20 04:33:17'),(3793,'Trung City','0123456789',3.25,0,'123456',NULL,'2025-12-20 04:33:17','2025-12-20 04:33:17'),(3794,'Đại Xe Du Lịch Hà Nội','0123456789',3.25,0,'123456',NULL,'2025-12-20 04:33:17','2025-12-20 04:33:17'),(3795,'Cường Vv','0123456789',3.25,0,'123456',NULL,'2025-12-20 04:33:17','2025-12-20 04:33:17'),(3796,'Binh Boong','0123456789',3.25,0,'123456',NULL,'2025-12-20 04:33:17','2025-12-20 04:33:17'),(3797,'Huong Nguyen','0123456789',3.00,0,'123456',NULL,'2025-12-20 04:33:17','2025-12-20 04:33:17'),(3798,'Thanh Tm','0123456789',3.00,0,'123456',NULL,'2025-12-20 04:33:17','2025-12-20 04:33:17'),(3799,'Tú Xe Sân Bay Và Đường Dài','0123456789',3.00,0,'123456',NULL,'2025-12-20 04:33:17','2025-12-20 04:33:17'),(3800,'Nguyễn Khoa','0123456789',3.00,0,'123456',NULL,'2025-12-20 04:33:17','2025-12-20 04:33:17'),(3801,'Ngô Quang Dũng','0123456789',3.00,0,'123456',NULL,'2025-12-20 04:33:17','2025-12-20 04:33:17'),(3802,'Minh Sáng','0123456789',3.00,0,'123456',NULL,'2025-12-20 04:33:17','2025-12-20 04:33:17'),(3803,'Thuê Xe Trần Gia','0123456789',3.00,0,'123456',NULL,'2025-12-20 04:33:17','2025-12-20 04:33:17'),(3804,'Cường Hải Phòng','0123456789',3.00,0,'123456',NULL,'2025-12-20 04:33:17','2025-12-20 04:33:17'),(3805,'Cao Thanh Hải','0123456789',3.00,0,'123456',NULL,'2025-12-20 04:33:17','2025-12-20 04:33:17'),(3806,'Thanh Hưng','0123456789',2.75,0,'123456',NULL,'2025-12-20 04:33:17','2025-12-20 04:33:17'),(3807,'Nhất Sân Bay','0123456789',2.75,0,'123456',NULL,'2025-12-20 04:33:17','2025-12-20 04:33:17'),(3808,'H Noibai','0123456789',2.75,0,'123456',NULL,'2025-12-20 04:33:17','2025-12-20 04:33:17'),(3809,'Mr Đức Đạt','0123456789',2.75,0,'123456',NULL,'2025-12-20 04:33:17','2025-12-20 04:33:17'),(3810,'Hoàng Cương','0123456789',2.75,0,'123456',NULL,'2025-12-20 04:33:17','2025-12-20 04:33:17'),(3811,'Hanoi Travels','0123456789',2.75,0,'123456',NULL,'2025-12-20 04:33:17','2025-12-20 04:33:17'),(3812,'Duy Duy','0123456789',2.75,0,'123456',NULL,'2025-12-20 04:33:17','2025-12-20 04:33:17'),(3813,'Duong Duc Anh','0123456789',2.75,0,'123456',NULL,'2025-12-20 04:33:17','2025-12-20 04:33:17'),(3814,'Týt Thò Lò','0123456789',2.50,0,'123456',NULL,'2025-12-20 04:33:17','2025-12-20 04:33:17'),(3815,'Vận Tải Lâm Anh','0123456789',2.50,0,'123456',NULL,'2025-12-20 04:33:17','2025-12-20 04:33:17'),(3816,'Anh Tuấn Tt','0123456789',2.50,0,'123456',NULL,'2025-12-20 04:33:17','2025-12-20 04:33:17'),(3817,'Quyết Béo Xe Dv Nội Bài','0123456789',2.50,0,'123456',NULL,'2025-12-20 04:33:17','2025-12-20 04:33:17'),(3818,'Bình Minh Xe Sân Bay','0123456789',2.50,0,'123456',NULL,'2025-12-20 04:33:17','2025-12-20 04:33:17'),(3819,'Đình Tài Dv Sân Bay','0123456789',2.50,0,'123456',NULL,'2025-12-20 04:33:17','2025-12-20 04:33:17'),(3820,'Đức Huyền','0123456789',2.50,0,'123456',NULL,'2025-12-20 04:33:17','2025-12-20 04:33:17'),(3821,'Lê Hiệu Ht','0123456789',2.50,0,'123456',NULL,'2025-12-20 04:33:17','2025-12-20 04:33:17'),(3822,'Minh Đức','0123456789',2.50,0,'123456',NULL,'2025-12-20 04:33:17','2025-12-20 04:33:17'),(3823,'Kien Ngo Van','0123456789',2.50,0,'123456',NULL,'2025-12-20 04:33:17','2025-12-20 04:33:17'),(3824,'Hn Travel','0123456789',2.50,0,'123456',NULL,'2025-12-20 04:33:17','2025-12-20 04:33:17'),(3825,'Hà Fortuner','0123456789',2.50,0,'123456',NULL,'2025-12-20 04:33:17','2025-12-20 04:33:17'),(3826,'Quang Thắng Đỗ','0123456789',2.50,0,'123456',NULL,'2025-12-20 04:33:17','2025-12-20 04:33:17'),(3827,'Tăng Bảo Châu','0123456789',2.50,0,'123456',NULL,'2025-12-20 04:33:17','2025-12-20 04:33:17'),(3828,'Trãi Đặng','0123456789',2.50,0,'123456',NULL,'2025-12-20 04:33:17','2025-12-20 04:33:17'),(3829,'Đỗ Bách','0123456789',2.50,0,'123456',NULL,'2025-12-20 04:33:17','2025-12-20 04:33:17'),(3830,'Cty Tnhh Du Lịch Bảo An','0123456789',2.50,0,'123456',NULL,'2025-12-20 04:33:17','2025-12-20 04:33:17'),(3831,'Bố Tép','0123456789',2.50,0,'123456',NULL,'2025-12-20 04:33:17','2025-12-20 04:33:17'),(3832,'Nguyễn Văn Minh','0123456789',2.25,0,'123456',NULL,'2025-12-20 04:33:17','2025-12-20 04:33:17'),(3833,'Sơn Tùng','0123456789',2.25,0,'123456',NULL,'2025-12-20 04:33:17','2025-12-20 04:33:17'),(3834,'Lê Hoan','0123456789',2.25,0,'123456',NULL,'2025-12-20 04:33:17','2025-12-20 04:33:17'),(3835,'The Rain','0123456789',2.25,0,'123456',NULL,'2025-12-20 04:33:17','2025-12-20 04:33:17'),(3836,'Mr Xevip','0123456789',2.25,0,'123456',NULL,'2025-12-20 04:33:17','2025-12-20 04:33:17'),(3837,'Mạnh Trần Xe Du Lịch Hà Nội','0123456789',2.25,0,'123456',NULL,'2025-12-20 04:33:17','2025-12-20 04:33:17'),(3838,'Hoàn','0123456789',2.25,0,'123456',NULL,'2025-12-20 04:33:17','2025-12-20 04:33:17'),(3839,'Gia Cát Lượng','0123456789',2.25,0,'123456',NULL,'2025-12-20 04:33:17','2025-12-20 04:33:17'),(3840,'Usd Quang Hanh','0123456789',2.25,0,'123456',NULL,'2025-12-20 04:33:17','2025-12-20 04:33:17'),(3841,'Mr Triệu Duy Transport','0123456789',2.00,0,'123456',NULL,'2025-12-20 04:33:17','2025-12-20 04:33:17'),(3842,'Chàng Aries','0123456789',2.00,0,'123456',NULL,'2025-12-20 04:33:17','2025-12-20 04:33:17'),(3843,'Khánh Huy Transfer','0123456789',2.00,0,'123456',NULL,'2025-12-20 04:33:17','2025-12-20 04:33:17'),(3844,'Duy Kiên','0123456789',2.00,0,'123456',NULL,'2025-12-20 04:33:17','2025-12-20 04:33:17'),(3845,'Duytoan','0123456789',2.00,0,'123456',NULL,'2025-12-20 04:33:17','2025-12-20 04:33:17'),(3846,'Quý Mạnh','0123456789',2.00,0,'123456',NULL,'2025-12-20 04:33:17','2025-12-20 04:33:17'),(3847,'Ta Quang Vinh','0123456789',2.00,0,'123456',NULL,'2025-12-20 04:33:17','2025-12-20 04:33:17'),(3848,'Thái An','0123456789',2.00,0,'123456',NULL,'2025-12-20 04:33:17','2025-12-20 04:33:17'),(3849,'Đoàn Huân','0123456789',2.00,0,'123456',NULL,'2025-12-20 04:33:17','2025-12-20 04:33:17'),(3850,'Tôn Anh Dương','0123456789',2.00,0,'123456',NULL,'2025-12-20 04:33:17','2025-12-20 04:33:17'),(3851,'Điều Xe Nội Bài','0123456789',2.00,0,'123456',NULL,'2025-12-20 04:33:17','2025-12-20 04:33:17'),(3852,'Vietgo xe sân bay giá rẻ','0123456789',2.00,0,'123456',NULL,'2025-12-20 04:33:17','2025-12-20 04:33:17'),(3853,'Xe Nội Bài Qm','0123456789',2.25,0,'123456',NULL,'2025-12-20 04:33:17','2025-12-20 05:21:53'),(3854,'Long Nguyễn Om','0123456789',1.75,0,'123456',NULL,'2025-12-20 04:33:17','2025-12-20 04:33:17'),(3855,'Zcar','0123456789',1.75,0,'123456',NULL,'2025-12-20 04:33:17','2025-12-20 07:44:45'),(3856,'Ngô Duy Đông','0123456789',1.75,0,'123456',NULL,'2025-12-20 04:33:17','2025-12-20 04:33:17'),(3857,'Ngọc Hân Xe Sân Bay','0123456789',1.75,0,'123456',NULL,'2025-12-20 04:33:17','2025-12-20 04:33:17'),(3858,'Phạm Hiếu Đh Limo Green','0123456789',1.75,0,'123456',NULL,'2025-12-20 04:33:17','2025-12-20 04:33:17'),(3859,'Trungky','0123456789',1.75,0,'123456',NULL,'2025-12-20 04:33:17','2025-12-20 04:33:17'),(3860,'Hưng Nguyên','0123456789',1.75,0,'123456',NULL,'2025-12-20 04:33:17','2025-12-20 04:33:17'),(3861,'Nguyễn Đức Hiệp','0123456789',1.75,0,'123456',NULL,'2025-12-20 04:33:17','2025-12-20 04:33:17'),(3862,'Nam Rio','0123456789',1.75,0,'123456',NULL,'2025-12-20 04:33:17','2025-12-20 04:33:17'),(3863,'Nguyen Phuong Nam','0123456789',1.75,0,'123456',NULL,'2025-12-20 04:33:17','2025-12-20 04:33:17'),(3864,'Minh Ltt','0123456789',1.75,0,'123456',NULL,'2025-12-20 04:33:17','2025-12-20 04:33:17'),(3865,'Quanghai','0123456789',1.75,0,'123456',NULL,'2025-12-20 04:33:17','2025-12-20 04:33:17'),(3866,'Đức Thịnh','0123456789',1.75,0,'123456',NULL,'2025-12-20 04:33:17','2025-12-20 04:33:17'),(3867,'Tiến Thảo','0123456789',1.75,0,'123456',NULL,'2025-12-20 04:33:17','2025-12-20 04:33:17'),(3868,'Trường','0123456789',1.75,0,'123456',NULL,'2025-12-20 04:33:17','2025-12-20 04:33:17'),(3869,'Cao Việt Long','0123456789',1.75,0,'123456',NULL,'2025-12-20 04:33:17','2025-12-20 04:33:17'),(3870,'Xe Sân Bay (Phương)','0123456789',1.75,0,'123456',NULL,'2025-12-20 04:33:17','2025-12-20 04:33:17'),(3871,'Anh Nghị','0123456789',1.75,0,'123456',NULL,'2025-12-20 04:33:17','2025-12-20 04:33:17'),(3872,'Nguyên Văn Hải','0123456789',1.50,0,'123456',NULL,'2025-12-20 04:33:17','2025-12-20 04:33:17'),(3873,'Quang Dinh','0123456789',1.50,0,'123456',NULL,'2025-12-20 04:35:18','2025-12-20 04:35:18'),(3874,'Hathuanh','0123456789',1.50,0,'123456',NULL,'2025-12-20 04:35:18','2025-12-20 04:35:18'),(3875,'Rubik','0123456789',1.50,0,'123456',NULL,'2025-12-20 04:35:18','2025-12-20 04:35:18'),(3876,'Lâm Xe Ôm','0123456789',1.50,0,'123456',NULL,'2025-12-20 04:35:18','2025-12-20 04:35:18'),(3877,'Dang Ehg','0123456789',1.50,0,'123456',NULL,'2025-12-20 04:35:18','2025-12-20 04:35:18'),(3878,'Nguyễn Duy Hoàn','0123456789',1.50,0,'123456',NULL,'2025-12-20 04:35:18','2025-12-20 04:35:18'),(3879,'Tiểu A Đầu','0123456789',1.50,0,'123456',NULL,'2025-12-20 04:35:18','2025-12-20 04:35:18'),(3880,'Nam Anh','0123456789',1.50,0,'123456',NULL,'2025-12-20 04:35:18','2025-12-20 04:35:18'),(3881,'Minh Nguyen 0964311555','0123456789',1.50,0,'123456',NULL,'2025-12-20 04:35:18','2025-12-20 04:35:18'),(3882,'Nguyễn Viết Xuân','0123456789',1.50,0,'123456',NULL,'2025-12-20 04:35:18','2025-12-20 04:35:18'),(3883,'Huy','0123456789',1.50,0,'123456',NULL,'2025-12-20 04:35:18','2025-12-20 04:35:18'),(3884,'Hồng Kim','0123456789',1.50,0,'123456',NULL,'2025-12-20 04:35:18','2025-12-20 04:35:18'),(3885,'Dũng Hân Travel','0123456789',1.50,0,'123456',NULL,'2025-12-20 04:35:18','2025-12-20 04:35:18'),(3886,'Thành Nam','0123456789',1.50,0,'123456',NULL,'2025-12-20 04:35:18','2025-12-20 04:35:18'),(3887,'Thanh Tuấn','0123456789',1.50,0,'123456',NULL,'2025-12-20 04:35:18','2025-12-20 04:35:18'),(3888,'Du Tran Khanh','0123456789',1.50,0,'123456',NULL,'2025-12-20 04:35:18','2025-12-20 04:35:18'),(3889,'Tuấn Anh Mazda','0123456789',1.50,0,'123456',NULL,'2025-12-20 04:35:18','2025-12-20 04:35:18'),(3890,'Xe Hà Nội Quảng Ninh','0123456789',1.50,0,'123456',NULL,'2025-12-20 04:35:18','2025-12-20 04:35:18'),(3891,'Operating Oo','0123456789',1.25,0,'123456',NULL,'2025-12-20 04:35:18','2025-12-20 04:35:18'),(3892,'Giang Xe Dvu','0123456789',1.25,0,'123456',NULL,'2025-12-20 04:35:18','2025-12-20 04:35:18'),(3893,'Đức Cảnh','0123456789',1.25,0,'123456',NULL,'2025-12-20 04:35:18','2025-12-20 04:35:18'),(3894,'Ánh Nguyệt','0123456789',1.25,0,'123456',NULL,'2025-12-20 04:35:18','2025-12-20 04:35:18'),(3895,'Phạm Thạo','0123456789',1.25,0,'123456',NULL,'2025-12-20 04:35:18','2025-12-20 04:35:18'),(3896,'Phạm Chiến','0123456789',1.25,0,'123456',NULL,'2025-12-20 04:35:18','2025-12-20 04:35:18'),(3897,'Toan Xe','0123456789',1.25,0,'123456',NULL,'2025-12-20 04:35:18','2025-12-20 04:35:18'),(3898,'Nguyễn Quang Anh','0123456789',1.25,0,'123456',NULL,'2025-12-20 04:35:18','2025-12-20 04:35:18'),(3899,'Ngọc Long 0936326155','0123456789',1.25,0,'123456',NULL,'2025-12-20 04:35:18','2025-12-20 04:35:18'),(3900,'Nguyễn Minh 0936159823','0123456789',1.25,0,'123456',NULL,'2025-12-20 04:35:18','2025-12-20 04:35:18'),(3901,'Minh Khôi Airport','0123456789',1.25,0,'123456',NULL,'2025-12-20 04:35:18','2025-12-20 04:35:18'),(3902,'lê Hằng','0123456789',1.25,0,'123456',NULL,'2025-12-20 04:35:18','2025-12-20 04:35:18'),(3903,'Lamlam','0123456789',1.25,0,'123456',NULL,'2025-12-20 04:35:18','2025-12-20 04:35:18'),(3904,'Hoàng Sơn Tx','0123456789',1.25,0,'123456',NULL,'2025-12-20 04:35:18','2025-12-20 04:35:18'),(3905,'Phúc Nguyễn','0123456789',1.25,0,'123456',NULL,'2025-12-20 04:35:18','2025-12-20 04:35:18'),(3906,'Đức Trọng 0977702366','0123456789',1.25,0,'123456',NULL,'2025-12-20 04:35:18','2025-12-20 04:35:18'),(3907,'Tung Le Xuan','0123456789',1.25,0,'123456',NULL,'2025-12-20 04:35:18','2025-12-20 04:35:18'),(3908,'Bùi Duy','0123456789',1.25,0,'123456',NULL,'2025-12-20 04:35:18','2025-12-20 04:35:18'),(3909,'Trần Thế Anh','0123456789',1.00,0,'123456',NULL,'2025-12-20 04:35:18','2025-12-20 04:35:18'),(3910,'Trang Kt','0123456789',1.00,0,'123456',NULL,'2025-12-20 04:35:18','2025-12-20 04:35:18'),(3911,'Nguyễn Trung Tiến','0123456789',1.00,0,'123456',NULL,'2025-12-20 04:35:18','2025-12-20 04:35:18'),(3912,'Xe Sân Bay 0988783003','0123456789',1.00,0,'123456',NULL,'2025-12-20 04:35:18','2025-12-20 04:35:18'),(3913,'Nghiem Xuan Khanh','0123456789',1.00,0,'123456',NULL,'2025-12-20 04:35:18','2025-12-20 04:35:18'),(3914,'Đức Bùi 0961183920','0123456789',1.00,0,'123456',NULL,'2025-12-20 04:35:18','2025-12-20 04:35:18'),(3915,'Nguyen Tuan 0966911445','0123456789',1.00,0,'123456',NULL,'2025-12-20 04:35:18','2025-12-20 04:35:18'),(3916,'Hùng Nb','0123456789',1.00,0,'123456',NULL,'2025-12-20 04:35:18','2025-12-20 04:35:18'),(3917,'Pham Thien','0123456789',1.00,0,'123456',NULL,'2025-12-20 04:35:18','2025-12-20 04:35:18'),(3918,'Sinh','0123456789',1.00,0,'123456',NULL,'2025-12-20 04:35:18','2025-12-20 04:35:18'),(3919,'Tuan Nguyen','0123456789',1.00,0,'123456',NULL,'2025-12-20 04:35:18','2025-12-20 04:35:18'),(3920,'Thanhbeo hb','0123456789',1.00,0,'123456',NULL,'2025-12-20 04:35:18','2025-12-20 04:35:18'),(3921,'Hà Dương Thịnh','0123456789',1.00,0,'123456',NULL,'2025-12-20 04:35:18','2025-12-20 04:35:18'),(3922,'Cường Nguyễn 0925342868','0123456789',1.00,0,'123456',NULL,'2025-12-20 04:35:18','2025-12-20 04:35:18'),(3923,'Hoàng Chiến 0868337686','0123456789',1.00,0,'123456',NULL,'2025-12-20 04:35:18','2025-12-20 04:35:18'),(3924,'Alone','0123456789',1.00,0,'123456',NULL,'2025-12-20 04:35:18','2025-12-20 04:35:18'),(3925,'Minh Vĩ Car','0123456789',1.00,0,'123456',NULL,'2025-12-20 04:35:18','2025-12-20 04:35:18'),(3926,'Nguyễn Hải A','0123456789',1.00,0,'123456',NULL,'2025-12-20 04:35:18','2025-12-20 04:35:18'),(3927,'Nguyễn Hải 0983648529','0123456789',1.00,0,'123456',NULL,'2025-12-20 04:35:18','2025-12-20 04:35:18'),(3928,'Na Na','0123456789',1.00,0,'123456',NULL,'2025-12-20 04:35:18','2025-12-20 04:35:18'),(3929,'Nguyễn Quang Minh','0123456789',1.00,0,'123456',NULL,'2025-12-20 04:35:18','2025-12-20 04:35:18'),(3930,'Mr Vinh','0123456789',1.00,0,'123456',NULL,'2025-12-20 04:35:18','2025-12-20 04:35:18'),(3931,'May - Travel','0123456789',1.00,0,'123456',NULL,'2025-12-20 04:35:18','2025-12-20 04:35:18'),(3932,'Maihương Nội Bài','0123456789',1.00,0,'123456',NULL,'2025-12-20 04:35:18','2025-12-20 04:35:18'),(3933,'Nguyenminh Hieu','0123456789',1.00,0,'123456',NULL,'2025-12-20 04:35:18','2025-12-20 04:35:18'),(3934,'Kiên Trang Vũ','0123456789',1.00,0,'123456',NULL,'2025-12-20 04:35:18','2025-12-20 04:35:18'),(3935,'Hái Hoa Tặc','0123456789',1.00,0,'123456',NULL,'2025-12-20 04:35:18','2025-12-20 04:35:18'),(3936,'Phúc Lê','0123456789',1.00,0,'123456',NULL,'2025-12-20 04:35:18','2025-12-20 04:35:18'),(3937,'Phương Nam','0123456789',1.00,0,'123456',NULL,'2025-12-20 04:35:18','2025-12-20 04:35:18'),(3938,'Phuong Ta Anh','0123456789',1.00,0,'123456',NULL,'2025-12-20 04:35:18','2025-12-20 04:35:18'),(3939,'Đức Xpander','0123456789',1.00,0,'123456',NULL,'2025-12-20 04:35:18','2025-12-20 04:35:18'),(3940,'Taxi Nội Bài Giá Rẻ Có Hoá Đơn','0123456789',1.00,0,'123456',NULL,'2025-12-20 04:35:18','2025-12-20 04:35:18'),(3941,'Tiến Trần Đức','0123456789',1.00,0,'123456',NULL,'2025-12-20 04:35:18','2025-12-20 04:35:18'),(3942,'Vận Tải Hùng Phát','0123456789',1.00,0,'123456',NULL,'2025-12-20 04:35:18','2025-12-20 04:35:18'),(3943,'Cường Air Port','0123456789',1.00,0,'123456',NULL,'2025-12-20 04:35:18','2025-12-20 04:35:18'),(3944,'Cty Tnhh Mtv Hưng Thịnh Group Travel','0123456789',1.00,0,'123456',NULL,'2025-12-20 04:35:18','2025-12-20 04:35:18'),(3945,'Chiến Trần','0123456789',1.00,0,'123456',NULL,'2025-12-20 04:35:18','2025-12-20 04:35:18'),(3946,'Châu Anh Tourism','0123456789',1.00,0,'123456',NULL,'2025-12-20 04:35:18','2025-12-20 04:35:18'),(3947,'Bờm Đại Ca','0123456789',1.00,0,'123456',NULL,'2025-12-20 04:35:18','2025-12-20 04:35:18'),(3948,'Ba Duy','0123456789',1.00,0,'123456',NULL,'2025-12-20 04:35:18','2025-12-20 04:35:18'),(3949,'Ae Chạy Xe Sb Và Đường Dài','0123456789',1.00,0,'123456',NULL,'2025-12-20 04:35:18','2025-12-20 04:35:18'),(3950,'A Đức Airpot','0123456789',1.00,0,'123456',NULL,'2025-12-20 04:35:18','2025-12-20 04:35:18'),(3951,'Nguyễn Minh Tú','0123456789',0.75,0,'123456',NULL,'2025-12-20 04:35:18','2025-12-20 04:35:18'),(3952,'Tình Béo','0123456789',0.75,0,'123456',NULL,'2025-12-20 04:35:18','2025-12-20 04:35:18'),(3953,'Nguyễn Đức Hoan','0123456789',0.75,0,'123456',NULL,'2025-12-20 04:35:18','2025-12-20 04:35:18'),(3954,'Nguyen Thuy','0123456789',0.75,0,'123456',NULL,'2025-12-20 04:35:18','2025-12-20 04:35:18'),(3955,'Hà Ti Tô','0123456789',0.75,0,'123456',NULL,'2025-12-20 04:35:18','2025-12-20 04:35:18'),(3956,'Điều Hành Huy Bảo','0123456789',0.75,0,'123456',NULL,'2025-12-20 04:35:18','2025-12-20 04:35:18'),(3957,'HTS Transfer','0123456789',0.75,0,'123456',NULL,'2025-12-20 04:35:18','2025-12-20 04:35:18'),(3958,'Tùng 88666','0123456789',0.75,0,'123456',NULL,'2025-12-20 04:35:18','2025-12-20 04:35:18'),(3959,'Nguyengiadung','0123456789',0.75,0,'123456',NULL,'2025-12-20 04:35:18','2025-12-20 04:35:18'),(3960,'Phạm Huỳnh','0123456789',0.75,0,'123456',NULL,'2025-12-20 04:35:18','2025-12-20 04:35:18'),(3961,'Quốc Cường','0123456789',0.75,0,'123456',NULL,'2025-12-20 04:35:18','2025-12-20 04:35:18'),(3962,'Lê Diện','0123456789',0.75,0,'123456',NULL,'2025-12-20 04:35:18','2025-12-20 04:35:18'),(3963,'Nam Nguyễn','0123456789',0.75,0,'123456',NULL,'2025-12-20 04:35:18','2025-12-20 04:35:18'),(3964,'Le Tan Tien','0123456789',0.75,0,'123456',NULL,'2025-12-20 04:35:18','2025-12-20 04:35:18'),(3965,'Hải Nguyễn','0123456789',0.75,0,'123456',NULL,'2025-12-20 04:35:18','2025-12-20 04:35:18'),(3966,'Quốc Thành','0123456789',0.75,0,'123456',NULL,'2025-12-20 04:35:18','2025-12-20 04:35:18'),(3967,'Duy Coffee','0123456789',0.75,0,'123456',NULL,'2025-12-20 04:35:18','2025-12-20 04:35:18'),(3968,'Dunghn','0123456789',0.75,0,'123456',NULL,'2025-12-20 04:35:18','2025-12-20 04:35:18'),(3969,'Thiệp Thật Thà','0123456789',0.75,0,'123456',NULL,'2025-12-20 04:35:18','2025-12-20 04:35:18'),(3970,'Thu Hà Luxury Vip Car','0123456789',0.75,0,'123456',NULL,'2025-12-20 04:35:18','2025-12-20 04:35:18'),(3971,'Điều Hành Vnt Travel','0123456789',0.75,0,'123456',NULL,'2025-12-20 04:35:18','2025-12-20 04:35:18'),(3972,'Cops Tran','0123456789',0.75,0,'123456',NULL,'2025-12-20 04:35:18','2025-12-20 04:35:18'),(3973,'Bossbuiss','0123456789',0.75,0,'123456',NULL,'2025-12-20 04:37:14','2025-12-20 04:37:14'),(3974,'Bee Driver','0123456789',0.75,0,'123456',NULL,'2025-12-20 04:37:14','2025-12-20 04:37:14'),(3975,'っ◔◡◔っ Lương Quý Châu','0123456789',0.75,0,'123456',NULL,'2025-12-20 04:37:14','2025-12-20 04:37:14'),(3976,'Nghiêm Huy Biên','0123456789',0.25,0,'123456',NULL,'2025-12-20 04:37:14','2025-12-20 05:21:53'),(3977,'Hồng Quân Sân Bay','0123456789',0.50,0,'123456',NULL,'2025-12-20 04:37:14','2025-12-20 04:37:14'),(3978,'Trà Lê','0123456789',0.50,0,'123456',NULL,'2025-12-20 04:37:14','2025-12-20 04:37:14'),(3979,'Dichvuxenoibai','0123456789',0.50,0,'123456',NULL,'2025-12-20 04:37:14','2025-12-20 04:37:14'),(3980,'Monaco','0123456789',0.50,0,'123456',NULL,'2025-12-20 04:37:14','2025-12-20 04:37:14'),(3981,'Sugarprohy','0123456789',0.50,0,'123456',NULL,'2025-12-20 04:37:14','2025-12-20 04:37:14'),(3982,'Son Pham','0123456789',0.50,0,'123456',NULL,'2025-12-20 04:37:14','2025-12-20 04:37:14'),(3983,'Thanh Tran','0123456789',0.50,0,'123456',NULL,'2025-12-20 04:37:14','2025-12-20 04:37:14'),(3984,'Trung Nguyen 123','0123456789',0.50,0,'123456',NULL,'2025-12-20 04:37:14','2025-12-20 04:37:14'),(3985,'My Car','0123456789',0.50,0,'123456',NULL,'2025-12-20 04:37:14','2025-12-20 04:37:14'),(3986,'Tuấncòi','0123456789',0.50,0,'123456',NULL,'2025-12-20 04:37:14','2025-12-20 04:37:14'),(3987,'Dan Nguyen','0123456789',0.50,0,'123456',NULL,'2025-12-20 04:37:14','2025-12-20 04:37:14'),(3988,'Nguyen Tuan 0358749666','0123456789',0.50,0,'123456',NULL,'2025-12-20 04:37:14','2025-12-20 04:37:14'),(3989,'Nguybien','0123456789',0.50,0,'123456',NULL,'2025-12-20 04:37:14','2025-12-20 04:37:14'),(3990,'Toàn Fortuner','0123456789',0.50,0,'123456',NULL,'2025-12-20 04:37:14','2025-12-20 04:37:14'),(3991,'Nguyễn Minh 0904561303','0123456789',0.50,0,'123456',NULL,'2025-12-20 04:37:14','2025-12-20 04:37:14'),(3992,'Huy Hùng','0123456789',0.50,0,'123456',NULL,'2025-12-20 04:37:14','2025-12-20 04:37:14'),(3993,'Thẩm Everest','0123456789',0.50,0,'123456',NULL,'2025-12-20 04:37:14','2025-12-20 04:37:14'),(3994,'Hoàng Trung Taxi','0123456789',0.50,0,'123456',NULL,'2025-12-20 04:37:14','2025-12-20 04:37:14'),(3995,'Hoàng Đông Xe Tour','0123456789',0.50,0,'123456',NULL,'2025-12-20 04:37:14','2025-12-20 04:37:14'),(3996,'Hoang Long 6666','0123456789',0.50,0,'123456',NULL,'2025-12-20 04:37:14','2025-12-20 04:37:14'),(3997,'Nguyễn Minh Việt','0123456789',0.50,0,'123456',NULL,'2025-12-20 04:37:14','2025-12-20 04:37:14'),(3998,'Hoàn Cerato','0123456789',0.50,0,'123456',NULL,'2025-12-20 04:37:14','2025-12-20 04:37:14'),(3999,'Tunglaga','0123456789',0.50,0,'123456',NULL,'2025-12-20 04:37:14','2025-12-20 04:37:14'),(4000,'Vận Tải Tuấn Kiên','0123456789',0.50,0,'123456',NULL,'2025-12-20 04:37:14','2025-12-20 04:37:14'),(4001,'Phan Thang Hk','0123456789',0.50,0,'123456',NULL,'2025-12-20 04:37:14','2025-12-20 04:37:14'),(4002,'Ngô Quang Hào','0123456789',0.50,0,'123456',NULL,'2025-12-20 04:37:14','2025-12-20 04:37:14'),(4003,'Arport Noi Bai','0123456789',0.50,0,'123456',NULL,'2025-12-20 04:37:14','2025-12-20 04:37:14'),(4004,'Duong','0123456789',0.50,0,'123456',NULL,'2025-12-20 04:37:14','2025-12-20 04:37:14'),(4005,'Taxi Nội Bài Quý','0123456789',0.50,0,'123456',NULL,'2025-12-20 04:37:14','2025-12-20 04:37:14'),(4006,'Phùng Giang Sơn','0123456789',0.50,0,'123456',NULL,'2025-12-20 04:37:14','2025-12-20 04:37:14'),(4007,'Nguyễn Hữu Khương','0123456789',0.50,0,'123456',NULL,'2025-12-20 04:37:14','2025-12-20 04:37:14'),(4008,'Nguyen Son 0853216789','0123456789',0.50,0,'123456',NULL,'2025-12-20 04:37:14','2025-12-20 04:37:14'),(4009,'Minh Phan','0123456789',0.50,0,'123456',NULL,'2025-12-20 04:37:14','2025-12-20 04:37:14'),(4010,'Lê Quang Huy 0949398855','0123456789',0.50,0,'123456',NULL,'2025-12-20 04:37:14','2025-12-20 04:37:14'),(4011,'Nho Nội Bài Ss','0123456789',0.50,0,'123456',NULL,'2025-12-20 04:37:14','2025-12-20 04:37:14'),(4012,'LAMVUNGOC','0123456789',0.50,0,'123456',NULL,'2025-12-20 04:37:14','2025-12-20 04:37:14'),(4013,'Hưng Doãn Thế','0123456789',0.50,0,'123456',NULL,'2025-12-20 04:37:14','2025-12-20 04:37:14'),(4014,'Hoang Milano','0123456789',0.50,0,'123456',NULL,'2025-12-20 04:37:14','2025-12-20 04:37:14'),(4015,'Giangnam','0123456789',0.50,0,'123456',NULL,'2025-12-20 04:37:14','2025-12-20 04:37:14'),(4016,'Duong Nghi','0123456789',0.50,0,'123456',NULL,'2025-12-20 04:37:14','2025-12-20 04:37:14'),(4017,'Dương Mạnh Hà','0123456789',0.50,0,'123456',NULL,'2025-12-20 04:37:14','2025-12-20 04:37:14'),(4018,'Tâm Anh Xedulich','0123456789',0.50,0,'123456',NULL,'2025-12-20 04:37:14','2025-12-20 04:37:14'),(4019,'Thành Nguyễn','0123456789',0.50,0,'123456',NULL,'2025-12-20 04:37:14','2025-12-20 04:37:14'),(4020,'Đức','0123456789',0.50,0,'123456',NULL,'2025-12-20 04:37:14','2025-12-20 04:37:14'),(4021,'Dovannd','0123456789',0.50,0,'123456',NULL,'2025-12-20 04:37:14','2025-12-20 04:37:14'),(4022,'Tienhai','0123456789',0.50,0,'123456',NULL,'2025-12-20 04:37:14','2025-12-20 04:37:14'),(4023,'Trịnh Tuấn Anh 0968845555','0123456789',0.50,0,'123456',NULL,'2025-12-20 04:37:14','2025-12-20 04:37:14'),(4024,'Thanh Quyền','0123456789',0.50,0,'123456',NULL,'2025-12-20 04:37:14','2025-12-20 04:37:14'),(4025,'Vận Tải Tuấn Long','0123456789',0.50,0,'123456',NULL,'2025-12-20 04:37:14','2025-12-20 04:37:14'),(4026,'Đăng Khoa','0123456789',0.50,0,'123456',NULL,'2025-12-20 04:37:14','2025-12-20 04:37:14'),(4027,'Vũ Dương','0123456789',0.50,0,'123456',NULL,'2025-12-20 04:37:14','2025-12-20 04:37:14'),(4028,'Xuân Anh Xe','0123456789',0.50,0,'123456',NULL,'2025-12-20 04:37:14','2025-12-20 04:37:14'),(4029,'Thành Elantra','0123456789',0.25,0,'123456',NULL,'2025-12-20 04:37:14','2025-12-20 04:37:14'),(4030,'Lê Hải','0123456789',0.25,0,'123456',NULL,'2025-12-20 04:37:14','2025-12-20 04:37:14'),(4031,'Ho Son','0123456789',0.25,0,'123456',NULL,'2025-12-20 04:37:14','2025-12-20 04:37:14'),(4032,'Lucky 0901942209','0123456789',0.25,0,'123456',NULL,'2025-12-20 04:37:14','2025-12-20 04:37:14'),(4033,'Lê Quỳnh','0123456789',0.25,0,'123456',NULL,'2025-12-20 04:37:14','2025-12-20 04:37:14'),(4034,'Dũng Thống Soái','0123456789',0.25,0,'123456',NULL,'2025-12-20 04:37:14','2025-12-20 04:37:14'),(4035,'Đỗ Văn Đạt','0123456789',0.25,0,'123456',NULL,'2025-12-20 04:37:14','2025-12-20 04:37:14'),(4036,'Van Anh','0123456789',0.25,0,'123456',NULL,'2025-12-20 04:37:14','2025-12-20 04:37:14'),(4037,'Đức Lập','0123456789',0.25,0,'123456',NULL,'2025-12-20 04:37:14','2025-12-20 04:37:14'),(4038,'Hoàng Duy','0123456789',0.25,0,'123456',NULL,'2025-12-20 04:37:14','2025-12-20 04:37:14'),(4039,'Xe Khánh Huy','0123456789',0.25,0,'123456',NULL,'2025-12-20 04:37:14','2025-12-20 04:37:14'),(4040,'Duycương','0123456789',0.25,0,'123456',NULL,'2025-12-20 04:37:14','2025-12-20 04:37:14'),(4041,'Nguyen Nam 0984369566','0123456789',0.25,0,'123456',NULL,'2025-12-20 04:37:14','2025-12-20 04:37:14'),(4042,'Hoàng Chiến 0984845659','0123456789',0.25,0,'123456',NULL,'2025-12-20 04:37:14','2025-12-20 04:37:14'),(4043,'Quichau Nguyen','0123456789',0.25,0,'123456',NULL,'2025-12-20 04:37:14','2025-12-20 04:37:14'),(4044,'Linh Bi','0123456789',0.25,0,'123456',NULL,'2025-12-20 04:37:14','2025-12-20 04:37:14'),(4045,'Ngô Hồng Quân','0123456789',0.25,0,'123456',NULL,'2025-12-20 04:37:14','2025-12-20 04:37:14'),(4046,'Lê Thu Huyền','0123456789',0.25,0,'123456',NULL,'2025-12-20 04:37:14','2025-12-20 04:37:14'),(4047,'ANH DŨNG','0123456789',0.25,0,'123456',NULL,'2025-12-20 04:37:14','2025-12-20 04:37:14'),(4048,'Kiên Nâu','0123456789',0.25,0,'123456',NULL,'2025-12-20 04:37:14','2025-12-20 04:37:14'),(4049,'Hoàng Phương','0123456789',0.25,0,'123456',NULL,'2025-12-20 04:37:14','2025-12-20 04:37:14'),(4050,'Ngoclong 0969304689','0123456789',0.25,0,'123456',NULL,'2025-12-20 04:37:14','2025-12-20 04:37:14'),(4051,'Nguyen Duc Phong','0123456789',0.25,0,'123456',NULL,'2025-12-20 04:37:14','2025-12-20 04:37:14'),(4052,'Nguyen Thang','0123456789',0.25,0,'123456',NULL,'2025-12-20 04:37:14','2025-12-20 04:37:14'),(4053,'Nguyen Trong Doanh','0123456789',0.25,0,'123456',NULL,'2025-12-20 04:37:14','2025-12-20 04:37:14'),(4054,'Nguyen Trung Kien','0123456789',0.25,0,'123456',NULL,'2025-12-20 04:37:14','2025-12-20 04:37:14'),(4055,'Nguyễn Tuấn 0986571813','0123456789',0.25,0,'123456',NULL,'2025-12-20 04:37:14','2025-12-20 04:37:14'),(4056,'Nguyễn Văn Tuyên','0123456789',0.25,0,'123456',NULL,'2025-12-20 04:37:14','2025-12-20 04:37:14'),(4057,'Lucky 0982479112','0123456789',0.25,0,'123456',NULL,'2025-12-20 04:37:14','2025-12-20 04:37:14'),(4058,'Long Minsk','0123456789',0.25,0,'123456',NULL,'2025-12-20 04:37:14','2025-12-20 04:37:14'),(4059,'Lê Văn Thành','0123456789',0.25,0,'123456',NULL,'2025-12-20 04:37:14','2025-12-20 04:37:14'),(4060,'Lê Quang Bách','0123456789',0.25,0,'123456',NULL,'2025-12-20 04:37:14','2025-12-20 04:37:14'),(4061,'Phạm Minh Cường','0123456789',0.25,0,'123456',NULL,'2025-12-20 04:37:14','2025-12-20 04:37:14'),(4062,'Qa Car','0123456789',0.25,0,'123456',NULL,'2025-12-20 04:37:14','2025-12-20 04:37:14'),(4063,'Sơn Lê','0123456789',0.25,0,'123456',NULL,'2025-12-20 04:37:14','2025-12-20 04:37:14'),(4064,'Đức Trọng 0988448880','0123456789',0.25,0,'123456',NULL,'2025-12-20 04:37:14','2025-12-20 04:37:14'),(4065,'Tiểu Ngưu','0123456789',0.25,0,'123456',NULL,'2025-12-20 04:37:14','2025-12-20 04:37:14'),(4066,'Tmanhcuong','0123456789',0.25,0,'123456',NULL,'2025-12-20 04:37:14','2025-12-20 04:37:14'),(4067,'Đỗ Chính','0123456789',0.25,0,'123456',NULL,'2025-12-20 04:37:14','2025-12-20 04:37:14'),(4068,'Trần Kiên','0123456789',0.25,0,'123456',NULL,'2025-12-20 04:37:14','2025-12-20 04:37:14'),(4069,'Trang Dcar Limousine','0123456789',0.25,0,'123456',NULL,'2025-12-20 04:37:14','2025-12-20 04:37:14'),(4070,'Trí Nam','0123456789',0.25,0,'123456',NULL,'2025-12-20 04:37:14','2025-12-20 04:37:14'),(4071,'Đh Bảo Linh Travel','0123456789',0.25,0,'123456',NULL,'2025-12-20 04:37:14','2025-12-20 04:37:14'),(4072,'Bùi Huy Quang','0123456789',0.25,0,'123456',NULL,'2025-12-20 04:37:14','2025-12-20 04:37:14'),(4073,'Xuân Thao ̲ Airport','0123456789',0.25,0,'123456',NULL,'2025-12-20 04:39:08','2025-12-20 04:39:08'),(4074,'Hoan Nguyen','0123456789',0.00,0,'123456',NULL,'2025-12-20 04:39:08','2025-12-20 04:39:08'),(4075,'Xuân Xe Du Lich','0123456789',0.00,0,'123456',NULL,'2025-12-20 04:39:08','2025-12-20 04:39:08'),(4076,'Tien Nguyen Phuc','0123456789',0.00,0,'123456',NULL,'2025-12-20 04:39:08','2025-12-20 04:39:08'),(4077,'Nhà Xe Loan Tụ','0123456789',0.00,0,'123456',NULL,'2025-12-20 04:39:08','2025-12-20 04:39:08'),(4078,'Đặng Duy Anh','0123456789',0.00,0,'123456',NULL,'2025-12-20 04:39:08','2025-12-20 04:39:08'),(4079,'Duong Pham','0123456789',0.00,0,'123456',NULL,'2025-12-20 04:39:08','2025-12-20 04:39:08'),(4080,'Ket Nguyen','0123456789',0.00,0,'123456',NULL,'2025-12-20 04:39:08','2025-12-20 04:39:08'),(4081,'Mã Tiểu Dã','0123456789',0.00,0,'123456',NULL,'2025-12-20 04:39:08','2025-12-20 04:39:08'),(4082,'Dương Phương','0123456789',0.00,0,'123456',NULL,'2025-12-20 04:39:08','2025-12-20 04:39:08'),(4083,'Kim Dung Nhật','0123456789',0.00,0,'123456',NULL,'2025-12-20 04:39:08','2025-12-20 04:39:08'),(4084,'Nguyễn Bảo Trung','0123456789',0.00,0,'123456',NULL,'2025-12-20 04:39:08','2025-12-20 04:39:08'),(4085,'Trương Anh Minh','0123456789',0.00,0,'123456',NULL,'2025-12-20 04:39:08','2025-12-20 04:39:08'),(4086,'Nguyễn Phú Trọng','0123456789',0.00,0,'123456',NULL,'2025-12-20 04:39:08','2025-12-20 04:39:08'),(4087,'Cao Thang','0123456789',0.00,0,'123456',NULL,'2025-12-20 04:39:08','2025-12-20 04:39:08'),(4088,'Thành Fortuner','0123456789',0.00,0,'123456',NULL,'2025-12-20 04:39:08','2025-12-20 04:39:08'),(4089,'Nguyễn Mạnh','0123456789',0.00,0,'123456',NULL,'2025-12-20 04:39:08','2025-12-20 04:39:08'),(4090,'Truong Quoc Lap','0123456789',0.00,0,'123456',NULL,'2025-12-20 04:39:08','2025-12-20 04:39:08'),(4091,'Luân Ariport','0123456789',0.00,0,'123456',NULL,'2025-12-20 04:39:08','2025-12-20 04:39:08'),(4092,'Quang Thang','0123456789',0.00,0,'123456',NULL,'2025-12-20 04:39:08','2025-12-20 04:39:08'),(4093,'Nguyễn Trung','0123456789',0.00,0,'123456',NULL,'2025-12-20 04:39:08','2025-12-20 04:39:08'),(4094,'Minh Thông Travel','0123456789',0.00,0,'123456',NULL,'2025-12-20 04:39:08','2025-12-20 04:39:08'),(4095,'Ngọc Duy Vf','0123456789',0.00,0,'123456',NULL,'2025-12-20 04:39:08','2025-12-20 04:39:08'),(4096,'Tú Bjn Nội Bài Airport','0123456789',0.00,0,'123456',NULL,'2025-12-20 04:39:08','2025-12-20 04:39:08'),(4097,'Trần Ngọc Hoàng','0123456789',0.00,0,'123456',NULL,'2025-12-20 04:39:08','2025-12-20 04:39:08'),(4098,'Le Đình Quang','0123456789',0.00,0,'123456',NULL,'2025-12-20 04:39:08','2025-12-20 04:39:08'),(4099,'Trung Nghĩa','0123456789',0.00,0,'123456',NULL,'2025-12-20 04:39:08','2025-12-20 04:39:08'),(4100,'Tâm Nguyễn','0123456789',0.00,0,'123456',NULL,'2025-12-20 04:39:08','2025-12-20 04:39:08'),(4101,'Khuyến Nguyễn','0123456789',0.00,0,'123456',NULL,'2025-12-20 04:39:08','2025-12-20 04:39:08'),(4102,'Hân Vượng Airport Transfer','0123456789',0.00,0,'123456',NULL,'2025-12-20 04:39:08','2025-12-20 04:39:08'),(4103,'Bùi Dương','0123456789',0.00,0,'123456',NULL,'2025-12-20 04:39:08','2025-12-20 04:39:08'),(4104,'Ngọc Toàn','0123456789',0.00,0,'123456',NULL,'2025-12-20 04:39:08','2025-12-20 04:39:08'),(4105,'An Khải Ba','0123456789',0.00,0,'123456',NULL,'2025-12-20 04:39:08','2025-12-20 04:39:08'),(4106,'Ngô Trọng Thành','0123456789',0.00,0,'123456',NULL,'2025-12-20 04:39:08','2025-12-20 04:39:08'),(4107,'Đức Mỹ','0123456789',0.00,0,'123456',NULL,'2025-12-20 04:39:08','2025-12-20 04:39:08'),(4108,'Vip-víp','0123456789',0.00,0,'123456',NULL,'2025-12-20 04:39:08','2025-12-20 04:39:08'),(4109,'Mộc Mộc','0123456789',0.00,0,'123456',NULL,'2025-12-20 04:39:08','2025-12-20 04:39:08'),(4110,'Vinh Airpost','0123456789',0.00,0,'123456',NULL,'2025-12-20 04:39:08','2025-12-20 04:39:08'),(4111,'Tùng Vũ','0123456789',0.00,0,'123456',NULL,'2025-12-20 04:39:08','2025-12-20 04:39:08'),(4112,'Nguyen Ba Van','0123456789',0.00,0,'123456',NULL,'2025-12-20 04:39:08','2025-12-20 04:39:08'),(4113,'Lee Cường','0123456789',0.00,0,'123456',NULL,'2025-12-20 04:39:08','2025-12-20 04:39:08'),(4114,'Hoàng Dương','0123456789',0.00,0,'123456',NULL,'2025-12-20 04:39:08','2025-12-20 04:39:08'),(4115,'Phan Hùng','0123456789',0.00,0,'123456',NULL,'2025-12-20 04:39:08','2025-12-20 04:39:08'),(4116,'Vận Tải Khải An','0123456789',0.00,0,'123456',NULL,'2025-12-20 04:39:08','2025-12-20 04:39:08'),(4117,'Khái Ăn Hai','0123456789',0.00,0,'123456',NULL,'2025-12-20 04:39:08','2025-12-20 04:39:08'),(4118,'Dũngphạmkk','0123456789',0.00,0,'123456',NULL,'2025-12-20 04:39:08','2025-12-20 04:39:08'),(4119,'Vươn Lên Tầm Cao Mới','0123456789',0.00,0,'123456',NULL,'2025-12-20 04:39:08','2025-12-20 04:39:08'),(4120,'Lương Thành Lâm','0123456789',0.00,0,'123456',NULL,'2025-12-20 04:39:08','2025-12-20 04:39:08'),(4121,'Mạnh Lê','0123456789',0.00,0,'123456',NULL,'2025-12-20 04:39:08','2025-12-20 04:39:08'),(4122,'Hậu Kaka','0123456789',0.00,0,'123456',NULL,'2025-12-20 04:39:08','2025-12-20 04:39:08'),(4123,'Văn Đậu','0123456789',0.00,0,'123456',NULL,'2025-12-20 04:39:08','2025-12-20 04:39:08'),(4124,'Thái Bình','0123456789',0.00,0,'123456',NULL,'2025-12-20 04:39:08','2025-12-20 04:39:08'),(4125,'Đình Hiếu','0123456789',0.00,0,'123456',NULL,'2025-12-20 04:39:08','2025-12-20 04:39:08'),(4126,'Nguyễn Sinh Nhật','0123456789',0.00,0,'123456',NULL,'2025-12-20 04:39:08','2025-12-20 04:39:08'),(4127,'Đỗ Tiến Sơn','0123456789',0.00,0,'123456',NULL,'2025-12-20 04:39:08','2025-12-20 04:39:08'),(4128,'Duong Van Chinh','0123456789',0.00,0,'123456',NULL,'2025-12-20 04:39:08','2025-12-20 04:39:08'),(4129,'Minh','0123456789',0.00,0,'123456',NULL,'2025-12-20 04:39:08','2025-12-20 04:39:08'),(4130,'Thịnh Phát Taxi Xanhsm','0123456789',0.00,0,'123456',NULL,'2025-12-20 04:39:08','2025-12-20 04:39:08'),(4131,'Tuấn Kiệt','0123456789',-0.75,0,'123456',NULL,'2025-12-20 04:39:08','2025-12-20 05:21:53'),(4132,'Oai Phạm','0123456789',0.00,0,'123456',NULL,'2025-12-20 04:39:08','2025-12-20 04:39:08'),(4133,'Cườngavanza','0123456789',0.00,0,'123456',NULL,'2025-12-20 04:39:08','2025-12-20 04:39:08'),(4134,'Phương Phương','0123456789',0.00,0,'123456',NULL,'2025-12-20 04:39:08','2025-12-20 04:39:08'),(4135,'Future','0123456789',0.00,0,'123456',NULL,'2025-12-20 04:39:08','2025-12-20 04:39:08'),(4136,'Công Đoàn','0123456789',0.00,0,'123456',NULL,'2025-12-20 04:39:08','2025-12-20 04:39:08'),(4137,'Nguyễn Chinh Accent','0123456789',0.00,0,'123456',NULL,'2025-12-20 04:39:08','2025-12-20 04:39:08'),(4138,'Tran Nghiêm','0123456789',0.00,0,'123456',NULL,'2025-12-20 04:39:08','2025-12-20 04:39:08'),(4139,'Nguyễn Thái Đồng','0123456789',0.00,0,'123456',NULL,'2025-12-20 04:39:08','2025-12-20 04:39:08'),(4140,'Đình Đăng','0123456789',0.00,0,'123456',NULL,'2025-12-20 04:39:08','2025-12-20 04:39:08'),(4141,'Smile','0123456789',0.00,0,'123456',NULL,'2025-12-20 04:39:08','2025-12-20 04:39:08'),(4142,'Nhất Nhần Nhân','0123456789',0.00,0,'123456',NULL,'2025-12-20 04:39:08','2025-12-20 04:39:08'),(4143,'Ht Aiport','0123456789',0.00,0,'123456',NULL,'2025-12-20 04:39:08','2025-12-20 04:39:08'),(4144,'Đỗ Nam','0123456789',0.00,0,'123456',NULL,'2025-12-20 04:39:08','2025-12-20 04:39:08'),(4145,'Trinh Phan','0123456789',0.00,0,'123456',NULL,'2025-12-20 04:39:08','2025-12-20 07:44:45'),(4146,'Minh Land','0123456789',0.00,0,'123456',NULL,'2025-12-20 04:39:08','2025-12-20 04:39:08'),(4147,'Dũng Lv','0123456789',0.00,0,'123456',NULL,'2025-12-20 04:39:08','2025-12-20 04:39:08'),(4148,'Trần Hải Nam','0123456789',0.00,0,'123456',NULL,'2025-12-20 04:39:08','2025-12-20 04:39:08'),(4149,'Nhợn Ỉn','0123456789',0.00,0,'123456',NULL,'2025-12-20 04:39:08','2025-12-20 04:39:08'),(4150,'Phong Anh','0123456789',0.00,0,'123456',NULL,'2025-12-20 04:39:08','2025-12-20 04:39:08'),(4151,'Hoai An','0123456789',0.00,0,'123456',NULL,'2025-12-20 04:39:08','2025-12-20 04:39:08'),(4152,'Vuongdinh Airport','0123456789',0.00,0,'123456',NULL,'2025-12-20 04:39:08','2025-12-20 04:39:08'),(4153,'Manh Vu Xuan','0123456789',0.00,0,'123456',NULL,'2025-12-20 04:39:08','2025-12-20 04:39:08'),(4154,'Manh San','0123456789',0.00,0,'123456',NULL,'2025-12-20 04:39:08','2025-12-20 04:39:08'),(4155,'Đỗ Quang Hưng','0123456789',0.00,0,'123456',NULL,'2025-12-20 04:39:08','2025-12-20 04:39:08'),(4156,'Thái Bình Dương Travel','0123456789',0.00,0,'123456',NULL,'2025-12-20 04:39:08','2025-12-20 04:39:08'),(4157,'Minh Đức 0962623223','0123456789',0.00,0,'123456',NULL,'2025-12-20 04:39:08','2025-12-20 04:39:08'),(4158,'Phạm Thường','0123456789',0.00,0,'123456',NULL,'2025-12-20 04:39:08','2025-12-20 04:39:08'),(4159,'Nhà Xe Nam Khánh','0123456789',0.00,0,'123456',NULL,'2025-12-20 04:39:08','2025-12-20 04:39:08'),(4160,'Tran Minh Tuan','0123456789',0.00,0,'123456',NULL,'2025-12-20 04:39:08','2025-12-20 04:39:08'),(4161,'Hưng Mập','0123456789',0.00,0,'123456',NULL,'2025-12-20 04:39:08','2025-12-20 04:39:08'),(4162,'Nguyễn Hưng Acv','0123456789',0.00,0,'123456',NULL,'2025-12-20 04:39:08','2025-12-20 04:39:08'),(4163,'Tiến Tiền Tỷ','0123456789',0.00,0,'123456',NULL,'2025-12-20 04:39:08','2025-12-20 04:39:08'),(4164,'Trungnt','0123456789',0.00,0,'123456',NULL,'2025-12-20 04:39:08','2025-12-20 05:24:12'),(4165,'Hà Tùng','0123456789',0.00,0,'123456',NULL,'2025-12-20 04:39:08','2025-12-20 04:39:08'),(4166,'Lê Vũ','0123456789',0.00,0,'123456',NULL,'2025-12-20 04:39:08','2025-12-20 04:39:08'),(4167,'Mạnh Koyy','0123456789',0.00,0,'123456',NULL,'2025-12-20 04:39:08','2025-12-20 04:39:08'),(4168,'Trung Phạm','0123456789',0.00,0,'123456',NULL,'2025-12-20 04:39:08','2025-12-20 04:39:08'),(4169,'Nguyễn Hoàng Tùng','0123456789',0.00,0,'123456',NULL,'2025-12-20 04:39:08','2025-12-20 04:39:08'),(4170,'Minh Khôi 0972307537','0123456789',0.00,0,'123456',NULL,'2025-12-20 04:39:08','2025-12-20 04:39:08'),(4171,'Lê Viết Minh Đức','0123456789',0.00,0,'123456',NULL,'2025-12-20 04:39:08','2025-12-20 04:39:08'),(4172,'Phạm Trung Travel Car','0123456789',0.00,0,'123456',NULL,'2025-12-20 04:39:08','2025-12-20 04:39:08'),(4173,'Dungttx','0123456789',0.00,0,'123456',NULL,'2025-12-20 04:40:56','2025-12-20 04:40:56'),(4174,'Tân Vũ','0123456789',0.00,0,'123456',NULL,'2025-12-20 04:40:56','2025-12-20 04:40:56'),(4175,'Minh Phạm','0123456789',0.00,0,'123456',NULL,'2025-12-20 04:40:56','2025-12-20 04:40:56'),(4176,'Vô Thường','0123456789',0.00,0,'123456',NULL,'2025-12-20 04:40:56','2025-12-20 04:40:56'),(4177,'Văn 0815733245','0123456789',0.00,0,'123456',NULL,'2025-12-20 04:40:56','2025-12-20 04:40:56'),(4178,'Airport Cat','0123456789',0.00,0,'123456',NULL,'2025-12-20 04:40:56','2025-12-20 04:40:56'),(4179,'Quang Đợi','0123456789',0.00,0,'123456',NULL,'2025-12-20 04:40:56','2025-12-20 04:40:56'),(4180,'Làm Lại Từ Đầu','0123456789',0.00,0,'123456',NULL,'2025-12-20 04:40:56','2025-12-20 04:40:56'),(4181,'Long Biomin','0123456789',0.00,0,'123456',NULL,'2025-12-20 04:40:56','2025-12-20 04:40:56'),(4182,'Hoàng Anh Travel','0123456789',0.00,0,'123456',NULL,'2025-12-20 04:40:56','2025-12-20 04:40:56'),(4183,'Quân','0123456789',0.00,0,'123456',NULL,'2025-12-20 04:40:56','2025-12-20 04:40:56'),(4184,'Dương Đức','0123456789',0.00,0,'123456',NULL,'2025-12-20 04:40:56','2025-12-20 04:40:56'),(4185,'Việt Trung','0123456789',0.00,0,'123456',NULL,'2025-12-20 04:40:56','2025-12-20 04:40:56'),(4186,'Imperia Airport','0123456789',0.00,0,'123456',NULL,'2025-12-20 04:40:56','2025-12-20 04:40:56'),(4187,'Huy 0332070899','0123456789',0.00,0,'123456',NULL,'2025-12-20 04:40:56','2025-12-20 04:40:56'),(4188,'Thuân Mạnh','0123456789',0.00,0,'123456',NULL,'2025-12-20 04:40:56','2025-12-20 04:40:56'),(4189,'Huy Nguyễn 0987832883','0123456789',0.00,0,'123456',NULL,'2025-12-20 04:40:56','2025-12-20 04:40:56'),(4190,'Tít Luxury Vip','0123456789',0.00,0,'123456',NULL,'2025-12-20 04:40:56','2025-12-20 04:40:56'),(4191,'Quang Anh','0123456789',0.00,0,'123456',NULL,'2025-12-20 04:40:56','2025-12-20 04:40:56'),(4192,'Đức Nhàn','0123456789',0.00,0,'123456',NULL,'2025-12-20 04:40:56','2025-12-20 04:40:56'),(4193,'T Quang Minh','0123456789',0.00,0,'123456',NULL,'2025-12-20 04:40:56','2025-12-20 04:40:56'),(4194,'Nguyễn Đăng Khoa','0123456789',0.00,0,'123456',NULL,'2025-12-20 04:40:56','2025-12-20 04:40:56'),(4195,'Nguyen Hoang Van','0123456789',0.00,0,'123456',NULL,'2025-12-20 04:40:56','2025-12-20 04:40:56'),(4196,'Ngọc Long','0123456789',0.00,0,'123456',NULL,'2025-12-20 04:40:56','2025-12-20 04:40:56'),(4197,'Phoenix','0123456789',0.00,0,'123456',NULL,'2025-12-20 04:40:56','2025-12-20 04:40:56'),(4198,'Việt Anh 0986259487','0123456789',0.00,0,'123456',NULL,'2025-12-20 04:40:56','2025-12-20 04:40:56'),(4199,'Tiến Anh','0123456789',0.00,0,'123456',NULL,'2025-12-20 04:40:56','2025-12-20 04:40:56'),(4200,'Ngô Quang Tiến','0123456789',0.00,0,'123456',NULL,'2025-12-20 04:40:56','2025-12-20 04:40:56'),(4201,'Duc Vu','0123456789',0.00,0,'123456',NULL,'2025-12-20 04:40:56','2025-12-20 04:40:56'),(4202,'Nguyễn 0836939339','0123456789',0.00,0,'123456',NULL,'2025-12-20 04:40:56','2025-12-20 04:40:56'),(4203,'Lữ Bố','0123456789',0.00,0,'123456',NULL,'2025-12-20 04:40:56','2025-12-20 04:40:56'),(4204,'thanh','0123456789',0.00,0,'123456',NULL,'2025-12-20 04:40:56','2025-12-20 04:40:56'),(4205,'Bùi Quang Lâm','0123456789',0.00,0,'123456',NULL,'2025-12-20 04:40:56','2025-12-20 04:40:56'),(4206,'Nhà Xe Anh Chi','0123456789',0.00,0,'123456',NULL,'2025-12-20 04:40:56','2025-12-20 04:40:56'),(4207,'Việt Anh Custin Ghế Vip','0123456789',0.00,0,'123456',NULL,'2025-12-20 04:40:56','2025-12-20 04:40:56'),(4208,'Hkd Liên Hệ Đặt Xe Vip','0123456789',0.00,0,'123456',NULL,'2025-12-20 04:40:56','2025-12-20 04:40:56'),(4209,'Trần Đức Mạnh','0123456789',0.00,0,'123456',NULL,'2025-12-20 04:40:56','2025-12-20 04:40:56'),(4210,'A Long Travel','0123456789',0.00,0,'123456',NULL,'2025-12-20 04:40:56','2025-12-20 04:40:56'),(4211,'Nguyễn Tuấn Minh','0123456789',0.00,0,'123456',NULL,'2025-12-20 04:40:56','2025-12-20 04:40:56'),(4212,'Nguyễn Ngọc Long','0123456789',0.00,0,'123456',NULL,'2025-12-20 04:40:56','2025-12-20 04:40:56'),(4213,'Nguyễn Huy Tùng','0123456789',0.00,0,'123456',NULL,'2025-12-20 04:40:56','2025-12-20 04:40:56'),(4214,'Tiến Đỗ Minh','0123456789',0.00,0,'123456',NULL,'2025-12-20 04:40:56','2025-12-20 04:40:56'),(4215,'Đậu Đậu','0123456789',0.00,0,'123456',NULL,'2025-12-20 04:40:56','2025-12-20 04:40:56'),(4216,'Hùng Cường','0123456789',0.00,0,'123456',NULL,'2025-12-20 04:40:56','2025-12-20 04:40:56'),(4217,'Quân Quyền Quý','0123456789',0.00,0,'123456',NULL,'2025-12-20 04:40:56','2025-12-20 04:40:56'),(4218,'Bin Xe Sân Bay','0123456789',0.00,0,'123456',NULL,'2025-12-20 04:40:56','2025-12-20 04:40:56'),(4219,'Quách Duy Tiến','0123456789',0.00,0,'123456',NULL,'2025-12-20 04:40:56','2025-12-20 04:40:56'),(4220,'Xevietthanh - Vietthanh Travel','0123456789',0.00,0,'123456',NULL,'2025-12-20 04:40:56','2025-12-20 04:40:56'),(4221,'Đào Tuân','0123456789',0.00,0,'123456',NULL,'2025-12-20 04:40:56','2025-12-20 04:40:56'),(4222,'Bảo An Gia Hân','0123456789',0.00,0,'123456',NULL,'2025-12-20 04:40:56','2025-12-20 04:40:56'),(4223,'Trung Kien','0123456789',0.00,0,'123456',NULL,'2025-12-20 04:40:56','2025-12-20 04:40:56'),(4224,'Tuấn Anh 0985003043','0123456789',0.00,0,'123456',NULL,'2025-12-20 04:40:56','2025-12-20 04:40:56'),(4225,'Hùng Xe Ko','0123456789',0.00,0,'123456',NULL,'2025-12-20 04:40:56','2025-12-20 04:40:56'),(4226,'Minh Nguyễn 0904436688','0123456789',0.00,0,'123456',NULL,'2025-12-20 04:40:56','2025-12-20 04:40:56'),(4227,'Huy Khánh','0123456789',0.00,0,'123456',NULL,'2025-12-20 04:40:56','2025-12-20 04:40:56'),(4228,'Quang Tuan','0123456789',0.00,0,'123456',NULL,'2025-12-20 04:40:56','2025-12-20 04:40:56'),(4229,'Thanh Thanh','0123456789',0.00,0,'123456',NULL,'2025-12-20 04:40:56','2025-12-20 04:40:56'),(4230,'Quang Huy 0928.030.628','0123456789',0.00,0,'123456',NULL,'2025-12-20 04:40:56','2025-12-20 04:40:56'),(4231,'Nguyễn Mạnh Toàn','0123456789',0.00,0,'123456',NULL,'2025-12-20 04:40:56','2025-12-20 04:40:56'),(4232,'Trân Quốc Vượng','0123456789',0.00,0,'123456',NULL,'2025-12-20 04:40:56','2025-12-20 04:40:56'),(4233,'Xe Hà Nội Nội Bài','0123456789',0.00,0,'123456',NULL,'2025-12-20 04:40:56','2025-12-20 04:40:56'),(4234,'Mr ky','0123456789',0.00,0,'123456',NULL,'2025-12-20 04:40:56','2025-12-20 04:40:56'),(4235,'Ajinomoto Nguyen','0123456789',0.00,0,'123456',NULL,'2025-12-20 04:40:56','2025-12-20 04:40:56'),(4236,'Tuấn Dương','0123456789',0.00,0,'123456',NULL,'2025-12-20 04:40:56','2025-12-20 04:40:56'),(4237,'Quang Hùng','0123456789',0.00,0,'123456',NULL,'2025-12-20 04:40:56','2025-12-20 04:40:56'),(4238,'Vận Tải Hành Khách','0123456789',0.00,0,'123456',NULL,'2025-12-20 04:40:56','2025-12-20 04:40:56'),(4239,'Nam Nguyễn 0985800585','0123456789',0.00,0,'123456',NULL,'2025-12-20 04:40:56','2025-12-20 04:40:56'),(4240,'Sỹ Cute','0123456789',0.00,0,'123456',NULL,'2025-12-20 04:40:56','2025-12-20 04:40:56'),(4241,'Khải Hưng','0123456789',0.00,0,'123456',NULL,'2025-12-20 04:40:56','2025-12-20 04:40:56'),(4242,'Trần Hữu','0123456789',0.00,0,'123456',NULL,'2025-12-20 04:40:56','2025-12-20 04:40:56'),(4243,'Lê Quang Trung','0123456789',0.00,0,'123456',NULL,'2025-12-20 04:40:56','2025-12-20 04:40:56'),(4244,'Mr Thành 0989698983','0123456789',0.00,0,'123456',NULL,'2025-12-20 04:40:56','2025-12-20 04:40:56'),(4245,'Ánh Gucci','0123456789',0.00,0,'123456',NULL,'2025-12-20 04:40:56','2025-12-20 04:40:56'),(4246,'Đức Phương','0123456789',0.00,0,'123456',NULL,'2025-12-20 04:40:56','2025-12-20 04:40:56'),(4247,'Ngoc Nam','0123456789',0.00,0,'123456',NULL,'2025-12-20 04:40:56','2025-12-20 04:40:56'),(4248,'Hiệu Hq Land','0123456789',0.00,0,'123456',NULL,'2025-12-20 04:40:56','2025-12-20 04:40:56'),(4249,'Bear Car','0123456789',0.00,0,'123456',NULL,'2025-12-20 04:40:56','2025-12-20 04:40:56'),(4250,'Nguyễn Hải 0969175958','0123456789',0.00,0,'123456',NULL,'2025-12-20 04:40:56','2025-12-20 04:40:56'),(4251,'Airport Car Operator','0123456789',0.00,0,'123456',NULL,'2025-12-20 04:40:56','2025-12-20 04:40:56'),(4252,'Phan Huu Thuc','0123456789',0.00,0,'123456',NULL,'2025-12-20 04:40:56','2025-12-20 04:40:56'),(4253,'Hoài Nam','0123456789',0.00,0,'123456',NULL,'2025-12-20 04:40:56','2025-12-20 04:40:56'),(4254,'Nguyễn Hải Phong','0123456789',0.00,0,'123456',NULL,'2025-12-20 04:40:56','2025-12-20 04:40:56'),(4255,'Trần Quốc Cường','0123456789',0.00,0,'123456',NULL,'2025-12-20 04:40:56','2025-12-20 04:40:56'),(4256,'Du Lịch Khánh Chi Đẹp Trai','0123456789',0.00,0,'123456',NULL,'2025-12-20 04:40:56','2025-12-20 04:40:56'),(4257,'Vũ Tin','0123456789',0.00,0,'123456',NULL,'2025-12-20 04:40:56','2025-12-20 04:40:56'),(4258,'Đạo Trần','0123456789',0.00,0,'123456',NULL,'2025-12-20 04:40:56','2025-12-20 04:40:56'),(4259,'Tuanvisao','0123456789',0.00,0,'123456',NULL,'2025-12-20 04:40:56','2025-12-20 04:40:56'),(4260,'Đức Minh 0985084891','0123456789',0.00,0,'123456',NULL,'2025-12-20 04:40:56','2025-12-20 04:40:56'),(4261,'Thanh Kevin','0123456789',0.00,0,'123456',NULL,'2025-12-20 04:40:56','2025-12-20 04:40:56'),(4262,'Mr Long','0123456789',0.00,0,'123456',NULL,'2025-12-20 04:40:56','2025-12-20 04:40:56'),(4263,'Vũ Thanh','0123456789',0.00,0,'123456',NULL,'2025-12-20 04:40:56','2025-12-20 04:40:56'),(4264,'Black Car','0123456789',0.00,0,'123456',NULL,'2025-12-20 04:40:56','2025-12-20 04:40:56'),(4265,'Pham Thanh','0123456789',-0.25,0,'123456',NULL,'2025-12-20 04:40:56','2025-12-20 05:26:51'),(4266,'Lại Hoàng','0123456789',0.00,0,'123456',NULL,'2025-12-20 04:40:56','2025-12-20 04:40:56'),(4267,'Trần Tính','0123456789',0.00,0,'123456',NULL,'2025-12-20 04:40:56','2025-12-20 04:40:56'),(4268,'BLACK CAPTAIN','0123456789',0.00,0,'123456',NULL,'2025-12-20 04:40:56','2025-12-20 04:40:56'),(4269,'An Phát Travel','0123456789',0.75,0,'123456',NULL,'2025-12-20 04:40:56','2025-12-20 05:21:53'),(4270,'Cường Nội Bài','0123456789',0.00,0,'123456',NULL,'2025-12-20 04:40:56','2025-12-20 04:40:56'),(4271,'Đức Tuấn Airport','0123456789',0.00,0,'123456',NULL,'2025-12-20 04:40:56','2025-12-20 04:40:56'),(4272,'Duong Van Du','0123456789',0.00,0,'123456',NULL,'2025-12-20 04:40:56','2025-12-20 04:40:56'),(4273,'Khắc Cường','0123456789',0.00,0,'123456',NULL,'2025-12-20 04:42:28','2025-12-20 04:42:28'),(4274,'Giang Sơn Tattoo','0123456789',0.00,0,'123456',NULL,'2025-12-20 04:42:28','2025-12-20 04:42:28'),(4275,'Vasco Nội Bài','0123456789',0.00,0,'123456',NULL,'2025-12-20 04:42:28','2025-12-20 04:42:28'),(4276,'Nguyễn Cường','0123456789',0.00,0,'123456',NULL,'2025-12-20 04:42:28','2025-12-20 04:42:28'),(4277,'Trai Đường Phố','0123456789',0.00,0,'123456',NULL,'2025-12-20 04:42:28','2025-12-20 04:42:28'),(4278,'Vũ Anh Thắng','0123456789',0.00,0,'123456',NULL,'2025-12-20 04:42:28','2025-12-20 04:42:28'),(4279,'Garrickvn','0123456789',0.00,0,'123456',NULL,'2025-12-20 04:42:28','2025-12-20 04:42:28'),(4280,'Serene Hotel','0123456789',0.00,0,'123456',NULL,'2025-12-20 04:42:28','2025-12-20 04:42:28'),(4281,'Trần Duy Đại','0123456789',0.00,0,'123456',NULL,'2025-12-20 04:42:28','2025-12-20 04:42:28'),(4282,'Nguyễn Tiến Trung','0123456789',0.00,0,'123456',NULL,'2025-12-20 04:42:28','2025-12-20 04:42:28'),(4283,'Đinh Trọng Cường','0123456789',0.00,0,'123456',NULL,'2025-12-20 04:42:28','2025-12-20 04:42:28'),(4284,'Đức Nhâm','0123456789',0.00,0,'123456',NULL,'2025-12-20 04:42:28','2025-12-20 04:42:28'),(4285,'Quyền Tv','0123456789',0.00,0,'123456',NULL,'2025-12-20 04:42:28','2025-12-20 04:42:28'),(4286,'Viết Thắng','0123456789',0.00,0,'123456',NULL,'2025-12-20 04:42:28','2025-12-20 04:42:28'),(4287,'Trần Thanh','0123456789',0.00,0,'123456',NULL,'2025-12-20 04:42:28','2025-12-20 04:42:28'),(4288,'Trần Quang Kiên','0123456789',0.00,0,'123456',NULL,'2025-12-20 04:42:28','2025-12-20 04:42:28'),(4289,'Gà Bông','0123456789',0.00,0,'123456',NULL,'2025-12-20 04:42:28','2025-12-20 04:42:28'),(4290,'Đỗ Anh Tuấn','0123456789',0.00,0,'123456',NULL,'2025-12-20 04:42:28','2025-12-20 04:42:28'),(4291,'Hoàng Lâm Airport','0123456789',0.00,0,'123456',NULL,'2025-12-20 04:42:28','2025-12-20 04:42:28'),(4292,'Đồ Gỗ Mỹ Nghệ Cộng Công','0123456789',0.00,0,'123456',NULL,'2025-12-20 04:42:28','2025-12-20 04:42:28'),(4293,'Chu Ngọc Linh','0123456789',0.00,0,'123456',NULL,'2025-12-20 04:42:28','2025-12-20 04:42:28'),(4294,'Ngômừng','0123456789',0.00,0,'123456',NULL,'2025-12-20 04:42:28','2025-12-20 04:42:28'),(4295,'Xuân Hoàn','0123456789',0.00,0,'123456',NULL,'2025-12-20 04:42:28','2025-12-20 04:42:28'),(4296,'Dịchvụ Nội Bài','0123456789',0.00,0,'123456',NULL,'2025-12-20 04:42:28','2025-12-20 04:42:28'),(4297,'Trần Văn Tùng','0123456789',0.00,0,'123456',NULL,'2025-12-20 04:42:28','2025-12-20 04:42:28'),(4298,'Chiếnphúctân','0123456789',0.00,0,'123456',NULL,'2025-12-20 04:42:28','2025-12-20 04:42:28'),(4299,'Nguyễn Anh Tuấn','0123456789',0.00,0,'123456',NULL,'2025-12-20 04:42:28','2025-12-20 04:42:28'),(4300,'Nguyễn Văn Điệp','0123456789',0.00,0,'123456',NULL,'2025-12-20 04:42:28','2025-12-20 04:42:28'),(4301,'Trần Ánh Fotuner','0123456789',0.00,0,'123456',NULL,'2025-12-20 04:42:28','2025-12-20 04:42:28'),(4302,'Tien Vu','0123456789',0.00,0,'123456',NULL,'2025-12-20 04:42:28','2025-12-20 04:42:28'),(4303,'Đặng Anh Đức','0123456789',0.00,0,'123456',NULL,'2025-12-20 04:42:28','2025-12-20 04:42:28'),(4304,'Trần Quang Đức','0123456789',0.00,0,'123456',NULL,'2025-12-20 04:42:28','2025-12-20 04:42:28'),(4305,'A Nội Bài Travel Tour','0123456789',0.00,0,'123456',NULL,'2025-12-20 04:42:28','2025-12-20 04:42:28'),(4306,'Bich','0123456789',0.00,0,'123456',NULL,'2025-12-20 04:42:28','2025-12-20 04:42:28'),(4307,'Vận Tải Sân Bay Liên Tỉnh','0123456789',0.00,0,'123456',NULL,'2025-12-20 04:42:28','2025-12-20 04:42:28'),(4308,'Trung Tran','0123456789',0.00,0,'123456',NULL,'2025-12-20 04:42:28','2025-12-20 04:42:28'),(4309,'Ngọc Hưng','0123456789',0.00,0,'123456',NULL,'2025-12-20 04:42:28','2025-12-20 04:42:28'),(4310,'Nguyễn Hiếu','0123456789',0.00,0,'123456',NULL,'2025-12-20 04:42:28','2025-12-20 04:42:28'),(4311,'Nguyễn Hữu Khải','0123456789',0.00,0,'123456',NULL,'2025-12-20 04:42:28','2025-12-20 04:42:28'),(4312,'Ngọc Bích','0123456789',0.00,0,'123456',NULL,'2025-12-20 04:42:28','2025-12-20 04:42:28'),(4313,'Hoàn Nguyễn','0123456789',0.00,0,'123456',NULL,'2025-12-20 04:42:28','2025-12-20 04:42:28'),(4314,'Nguyen Long','0123456789',0.00,0,'123456',NULL,'2025-12-20 04:42:28','2025-12-20 04:42:28'),(4315,'Ngây Ngô','0123456789',0.00,0,'123456',NULL,'2025-12-20 04:42:28','2025-12-20 04:42:28'),(4316,'Nguyễn Ngọc','0123456789',0.00,0,'123456',NULL,'2025-12-20 04:42:28','2025-12-20 04:42:28'),(4317,'Nguyễn Quân Cerato','0123456789',0.00,0,'123456',NULL,'2025-12-20 04:42:28','2025-12-20 04:42:28'),(4318,'Muoi','0123456789',0.00,0,'123456',NULL,'2025-12-20 04:42:28','2025-12-20 04:42:28'),(4319,'Nguyễn Quốc Đại','0123456789',0.00,0,'123456',NULL,'2025-12-20 04:42:28','2025-12-20 04:42:28'),(4320,'Mr Tễu','0123456789',0.00,0,'123456',NULL,'2025-12-20 04:42:28','2025-12-20 04:42:28'),(4321,'Mr Ter Cương','0123456789',0.00,0,'123456',NULL,'2025-12-20 04:42:28','2025-12-20 04:42:28'),(4322,'Nguyễn Trọng Hùng','0123456789',0.00,0,'123456',NULL,'2025-12-20 04:42:28','2025-12-20 04:42:28'),(4323,'Nguyễn Tuấn Đạt','0123456789',0.00,0,'123456',NULL,'2025-12-20 04:42:28','2025-12-20 04:42:28'),(4324,'Mr Bình - Cán Bộ Đường Lối','0123456789',0.00,0,'123456',NULL,'2025-12-20 04:42:28','2025-12-20 04:42:28'),(4325,'Nguyễn Văn Mỹ','0123456789',0.00,0,'123456',NULL,'2025-12-20 04:42:28','2025-12-20 04:42:28'),(4326,'Minh Thanh','0123456789',0.00,0,'123456',NULL,'2025-12-20 04:42:28','2025-12-20 04:42:28'),(4327,'Mạnh Tuyến','0123456789',0.00,0,'123456',NULL,'2025-12-20 04:42:28','2025-12-20 04:42:28'),(4328,'Ma Vien Chinh','0123456789',0.00,0,'123456',NULL,'2025-12-20 04:42:28','2025-12-20 04:42:28'),(4329,'Lx Dự Airport','0123456789',0.00,0,'123456',NULL,'2025-12-20 04:42:28','2025-12-20 04:42:28'),(4330,'Long Quỳnh Travel','0123456789',0.00,0,'123456',NULL,'2025-12-20 04:42:28','2025-12-20 04:42:28'),(4331,'Long','0123456789',0.00,0,'123456',NULL,'2025-12-20 04:42:28','2025-12-20 04:42:28'),(4332,'Linh Nguyễn','0123456789',0.00,0,'123456',NULL,'2025-12-20 04:42:28','2025-12-20 04:42:28'),(4333,'Nhà Xe Luyến Hưng 0964844866','0123456789',0.00,0,'123456',NULL,'2025-12-20 04:42:28','2025-12-20 04:42:28'),(4334,'Mjnh Thư Tourism','0123456789',0.00,0,'123456',NULL,'2025-12-20 04:42:28','2025-12-20 04:42:28'),(4335,'Lê Chiến','0123456789',0.00,0,'123456',NULL,'2025-12-20 04:42:28','2025-12-20 04:42:28'),(4336,'Le Anh','0123456789',0.00,0,'123456',NULL,'2025-12-20 04:42:28','2025-12-20 04:42:28'),(4337,'Nội Bài Mcar','0123456789',0.00,0,'123456',NULL,'2025-12-20 04:42:28','2025-12-20 04:42:28'),(4338,'NoibaiNow','0123456789',0.00,0,'123456',NULL,'2025-12-20 04:42:28','2025-12-20 04:42:28'),(4339,'Lâm Sóc Sơn','0123456789',0.00,0,'123456',NULL,'2025-12-20 04:42:28','2025-12-20 04:42:28'),(4340,'Pham Thang','0123456789',0.00,0,'123456',NULL,'2025-12-20 04:42:28','2025-12-20 04:42:28'),(4341,'Khúc Như Hiển','0123456789',0.00,0,'123456',NULL,'2025-12-20 04:42:28','2025-12-20 04:42:28'),(4342,'Khangvinh Dh','0123456789',0.00,0,'123456',NULL,'2025-12-20 04:42:28','2025-12-20 04:42:28'),(4343,'I’m Khuong','0123456789',0.00,0,'123456',NULL,'2025-12-20 04:42:28','2025-12-20 04:42:28'),(4344,'Huỳnh Văn Dũng','0123456789',0.00,0,'123456',NULL,'2025-12-20 04:42:28','2025-12-20 04:42:28'),(4345,'Huy Tây Hồ','0123456789',0.00,0,'123456',NULL,'2025-12-20 04:42:28','2025-12-20 04:42:28'),(4346,'Hương Minh Anh','0123456789',0.00,0,'123456',NULL,'2025-12-20 04:42:28','2025-12-20 04:42:28'),(4347,'Hưng Speed Car','0123456789',0.00,0,'123456',NULL,'2025-12-20 04:42:28','2025-12-20 04:42:28'),(4348,'Hùng Kyn','0123456789',0.00,0,'123456',NULL,'2025-12-20 04:42:28','2025-12-20 04:42:28'),(4349,'Hùng Bạch Mai','0123456789',0.00,0,'123456',NULL,'2025-12-20 04:42:28','2025-12-20 04:42:28'),(4350,'Hoanglong','0123456789',0.00,0,'123456',NULL,'2025-12-20 04:42:28','2025-12-20 04:42:28'),(4351,'Hoàng Thủy','0123456789',0.00,0,'123456',NULL,'2025-12-20 04:42:28','2025-12-20 04:42:28'),(4352,'Hoàng Hải Anh','0123456789',0.00,0,'123456',NULL,'2025-12-20 04:42:28','2025-12-20 04:42:28'),(4353,'Hoàng Dũng Airport','0123456789',0.00,0,'123456',NULL,'2025-12-20 04:42:28','2025-12-20 04:42:28'),(4354,'Hòa Bình Travel','0123456789',0.00,0,'123456',NULL,'2025-12-20 04:42:28','2025-12-20 04:42:28'),(4355,'Hổ Ăn Thịt Dê','0123456789',0.00,0,'123456',NULL,'2025-12-20 04:42:28','2025-12-20 04:42:28'),(4356,'Hậu Mazda','0123456789',0.00,0,'123456',NULL,'2025-12-20 04:42:28','2025-12-20 04:42:28'),(4357,'Đức Hạnh Pro','0123456789',0.00,0,'123456',NULL,'2025-12-20 04:42:28','2025-12-20 04:42:28'),(4358,'Garung','0123456789',0.00,0,'123456',NULL,'2025-12-20 04:42:28','2025-12-20 04:42:28'),(4359,'Duy Tuyên','0123456789',0.00,0,'123456',NULL,'2025-12-20 04:42:28','2025-12-20 04:42:28'),(4360,'Quang','0123456789',0.00,0,'123456',NULL,'2025-12-20 04:42:28','2025-12-20 04:42:28'),(4361,'Quang Chi','0123456789',0.00,0,'123456',NULL,'2025-12-20 04:42:28','2025-12-20 04:42:28'),(4362,'Quốc Trị','0123456789',0.00,0,'123456',NULL,'2025-12-20 04:42:28','2025-12-20 04:42:28'),(4363,'Duy Béo Xe Sân Bay','0123456789',0.00,0,'123456',NULL,'2025-12-20 04:42:28','2025-12-20 04:42:28'),(4364,'Quốc Việt Ngân','0123456789',0.00,0,'123456',NULL,'2025-12-20 04:42:28','2025-12-20 04:42:28'),(4365,'Scars','0123456789',0.00,0,'123456',NULL,'2025-12-20 04:42:28','2025-12-20 04:42:28'),(4366,'Son Lam','0123456789',0.00,0,'123456',NULL,'2025-12-20 04:42:28','2025-12-20 04:42:28'),(4367,'Dũng Béo','0123456789',0.00,0,'123456',NULL,'2025-12-20 04:42:28','2025-12-20 04:42:28'),(4368,'Taxi Nội Bài Văn Dương','0123456789',0.00,0,'123456',NULL,'2025-12-20 04:42:28','2025-12-20 04:42:28'),(4369,'Thắng Lợi Xe Tiện Chuyến','0123456789',0.00,0,'123456',NULL,'2025-12-20 04:42:28','2025-12-20 04:42:28'),(4370,'Thanh Đạt','0123456789',0.00,0,'123456',NULL,'2025-12-20 04:42:28','2025-12-20 04:42:28'),(4371,'Đức Phúc Car','0123456789',0.00,0,'123456',NULL,'2025-12-20 04:42:28','2025-12-20 04:42:28'),(4372,'Đức Béo','0123456789',0.00,0,'123456',NULL,'2025-12-20 04:42:28','2025-12-20 04:42:28'),(4373,'Du Lịch Tiến Đạt','0123456789',0.00,0,'123456',NULL,'2025-12-20 04:44:03','2025-12-20 04:44:03'),(4374,'asddfgfhjl','0123456789',0.00,0,'123456',NULL,'2025-12-20 04:44:03','2025-12-20 04:44:03'),(4375,'Tran Quang Nam','0123456789',0.00,0,'123456',NULL,'2025-12-20 04:44:03','2025-12-20 04:44:03'),(4376,'Trần Văn Doanh','0123456789',0.00,0,'123456',NULL,'2025-12-20 04:44:03','2025-12-20 04:44:03'),(4377,'Trường Hà Đông','0123456789',0.00,0,'123456',NULL,'2025-12-20 04:44:03','2025-12-20 04:44:03'),(4378,'Tú Xe Du Lịch','0123456789',0.00,0,'123456',NULL,'2025-12-20 04:44:03','2025-12-20 04:44:03'),(4379,'Tuấn Ba','0123456789',0.00,0,'123456',NULL,'2025-12-20 04:44:03','2025-12-20 04:44:03'),(4380,'Tuấn Long Nôi Bài','0123456789',0.00,0,'123456',NULL,'2025-12-20 04:44:03','2025-12-20 04:44:03'),(4381,'Vận Tải Phong Ngân Dương','0123456789',0.00,0,'123456',NULL,'2025-12-20 04:44:03','2025-12-20 04:44:03'),(4382,'Vinh Đại Ca Nguyễn Ngọc Vinh','0123456789',0.00,0,'123456',NULL,'2025-12-20 04:44:03','2025-12-20 04:44:03'),(4383,'Cường Râu Airport','0123456789',0.00,0,'123456',NULL,'2025-12-20 04:44:03','2025-12-20 04:44:03'),(4384,'Vinh Nguyễn','0123456789',0.00,0,'123456',NULL,'2025-12-20 04:44:03','2025-12-20 04:44:03'),(4385,'Công Tuyến','0123456789',0.00,0,'123456',NULL,'2025-12-20 04:44:03','2025-12-20 04:44:03'),(4386,'Bùi Ngọc Hải','0123456789',0.00,0,'123456',NULL,'2025-12-20 04:44:03','2025-12-20 04:44:03'),(4387,'Xe Du Lịch Thành Công','0123456789',0.00,0,'123456',NULL,'2025-12-20 04:44:03','2025-12-20 04:44:03'),(4388,'Booking Car','0123456789',0.00,0,'123456',NULL,'2025-12-20 04:44:03','2025-12-20 04:44:03'),(4389,'Xe Đưa Đón Nội Bài','0123456789',0.00,0,'123456',NULL,'2025-12-20 04:44:03','2025-12-20 04:44:03'),(4390,'Xe Luxury','0123456789',0.00,0,'123456',NULL,'2025-12-20 04:44:03','2025-12-20 04:44:03'),(4391,'Biển Xanh','0123456789',0.00,0,'123456',NULL,'2025-12-20 04:44:03','2025-12-20 04:44:03'),(4392,'Xevipnoibai-car','0123456789',0.00,0,'123456',NULL,'2025-12-20 04:44:03','2025-12-20 04:44:03'),(4393,'ミ Nội Bài Hoàng Gia 彡','0123456789',0.00,0,'123456',NULL,'2025-12-20 04:44:03','2025-12-20 04:44:03'),(4394,'Anh Tú','0123456789',0.00,0,'123456',NULL,'2025-12-20 04:44:03','2025-12-20 04:44:03'),(4395,'Annahomes','0123456789',-0.75,0,'123456',NULL,'2025-12-20 04:44:03','2025-12-20 05:07:49'),(4396,'Tá Hiếu','0123456789',-0.25,0,'123456',NULL,'2025-12-20 04:44:03','2025-12-20 04:44:03'),(4397,'Đạt Nguyễn','0123456789',-0.25,0,'123456',NULL,'2025-12-20 04:44:03','2025-12-20 04:44:03'),(4398,'Atuandx','0123456789',-0.25,0,'123456',NULL,'2025-12-20 04:44:03','2025-12-20 04:44:03'),(4399,'Linh Tóp','0123456789',-0.25,0,'123456',NULL,'2025-12-20 04:44:03','2025-12-20 04:44:03'),(4400,'Anh Điệp Thuê Xe Giang Gia','0123456789',-0.25,0,'123456',NULL,'2025-12-20 04:44:03','2025-12-20 04:44:03'),(4401,'Anh Thư','0123456789',-0.25,0,'123456',NULL,'2025-12-20 04:44:03','2025-12-20 04:44:03'),(4402,'Minh Khang 0934687818','0123456789',-0.25,0,'123456',NULL,'2025-12-20 04:44:03','2025-12-20 04:44:03'),(4403,'Mr Hưng','0123456789',-0.25,0,'123456',NULL,'2025-12-20 04:44:03','2025-12-20 04:44:03'),(4404,'Anh Tuan 0983598228','0123456789',-0.25,0,'123456',NULL,'2025-12-20 04:44:03','2025-12-20 04:44:03'),(4405,'Hùng','0123456789',-0.25,0,'123456',NULL,'2025-12-20 04:44:03','2025-12-20 04:44:03'),(4406,'Đỗ Hà Lực','0123456789',-0.25,0,'123456',NULL,'2025-12-20 04:44:03','2025-12-20 04:44:03'),(4407,'Nhà Xe Một Sáu Tám - Hà Nội - Ninh Bình','0123456789',-0.25,0,'123456',NULL,'2025-12-20 04:44:03','2025-12-20 04:44:03'),(4408,'Mis Vien','0123456789',-0.25,0,'123456',NULL,'2025-12-20 04:44:03','2025-12-20 04:44:03'),(4409,'Việt Tiệp','0123456789',-0.25,0,'123456',NULL,'2025-12-20 04:44:03','2025-12-20 05:24:12'),(4410,'Dinh Xpander','0123456789',-0.25,0,'123456',NULL,'2025-12-20 04:44:03','2025-12-20 04:44:03'),(4411,'Vận Tải Bạch Long','0123456789',-0.25,0,'123456',NULL,'2025-12-20 04:44:03','2025-12-20 04:44:03'),(4412,'Ngô Thành Inova Cross','0123456789',-0.25,0,'123456',NULL,'2025-12-20 04:44:03','2025-12-20 04:44:03'),(4413,'Thanh Bình Transport Luxury','0123456789',-0.25,0,'123456',NULL,'2025-12-20 04:44:03','2025-12-20 04:44:03'),(4414,'Nguyễn Văn Thành','0123456789',-0.25,0,'123456',NULL,'2025-12-20 04:44:03','2025-12-20 04:44:03'),(4415,'Bùi Việt Long','0123456789',-0.25,0,'123456',NULL,'2025-12-20 04:44:03','2025-12-20 04:44:03'),(4416,'Nm Trường Airport Vf','0123456789',-0.25,0,'123456',NULL,'2025-12-20 04:44:03','2025-12-20 04:44:03'),(4417,'Shyn Taxi Nội Bài','0123456789',-0.25,0,'123456',NULL,'2025-12-20 04:44:03','2025-12-20 04:44:03'),(4418,'Tùng Linh','0123456789',-0.25,0,'123456',NULL,'2025-12-20 04:44:03','2025-12-20 04:44:03'),(4419,'Vũ Phạm','0123456789',-0.25,0,'123456',NULL,'2025-12-20 04:44:03','2025-12-20 04:44:03'),(4420,'Lê Khánh Duy','0123456789',-0.25,0,'123456',NULL,'2025-12-20 04:44:03','2025-12-20 04:44:03'),(4421,'Nguyễn Hoàng Minh Đăng','0123456789',-0.25,0,'123456',NULL,'2025-12-20 04:44:03','2025-12-20 04:44:03'),(4422,'Uyen','0123456789',-0.25,0,'123456',NULL,'2025-12-20 04:44:03','2025-12-20 04:44:03'),(4423,'Độc Bước','0123456789',-0.25,0,'123456',NULL,'2025-12-20 04:44:03','2025-12-20 04:44:03'),(4424,'Dương Phú','0123456789',-0.25,0,'123456',NULL,'2025-12-20 04:44:03','2025-12-20 04:44:03'),(4425,'Nguyen Manh Nguyên','0123456789',-0.25,0,'123456',NULL,'2025-12-20 04:44:03','2025-12-20 04:44:03'),(4426,'Lê Đông','0123456789',-0.25,0,'123456',NULL,'2025-12-20 04:44:03','2025-12-20 04:44:03'),(4427,'Hoàng Thắng','0123456789',-0.25,0,'123456',NULL,'2025-12-20 04:44:03','2025-12-20 04:44:03'),(4428,'Tâm Cho Thuê Xe Dulich','0123456789',-0.25,0,'123456',NULL,'2025-12-20 04:44:03','2025-12-20 04:44:03'),(4429,'Taxi - Đạt Lịch Sự','0123456789',-0.25,0,'123456',NULL,'2025-12-20 04:44:03','2025-12-20 04:44:03'),(4430,'Tranminhhd','0123456789',-0.25,0,'123456',NULL,'2025-12-20 04:44:03','2025-12-20 04:44:03'),(4431,'Cty Van Tai Linh Anh','0123456789',-0.25,0,'123456',NULL,'2025-12-20 04:44:03','2025-12-20 04:44:03'),(4432,'B M Tùng','0123456789',-0.25,0,'123456',NULL,'2025-12-20 04:44:03','2025-12-20 04:44:03'),(4433,'Tài Xuân','0123456789',0.00,0,'123456',NULL,'2025-12-20 04:44:03','2025-12-20 05:01:08'),(4434,'Bac Le','0123456789',-0.50,0,'123456',NULL,'2025-12-20 04:44:03','2025-12-20 04:44:03'),(4435,'Nguyễn Chung','0123456789',-0.50,0,'123456',NULL,'2025-12-20 04:44:03','2025-12-20 04:44:03'),(4436,'Akyem','0123456789',-0.50,0,'123456',NULL,'2025-12-20 04:44:03','2025-12-20 04:44:03'),(4437,'Kiên Sài','0123456789',-0.50,0,'123456',NULL,'2025-12-20 04:44:03','2025-12-20 04:44:03'),(4438,'Hữu Nghĩa','0123456789',-0.50,0,'123456',NULL,'2025-12-20 04:44:03','2025-12-20 04:44:03'),(4439,'Đạt Vũ','0123456789',-0.50,0,'123456',NULL,'2025-12-20 04:44:03','2025-12-20 04:44:03'),(4440,'Ap Transport','0123456789',-0.50,0,'123456',NULL,'2025-12-20 04:44:03','2025-12-20 04:44:03'),(4441,'Nguyen Ngoc An','0123456789',-0.50,0,'123456',NULL,'2025-12-20 04:44:03','2025-12-20 04:44:03'),(4442,'Lê Nhân','0123456789',-0.50,0,'123456',NULL,'2025-12-20 04:44:03','2025-12-20 04:44:03'),(4443,'Taxi Gia Đình - Tây Nguyễn','0123456789',-0.50,0,'123456',NULL,'2025-12-20 04:44:03','2025-12-20 04:44:03'),(4444,'Minh Hiếu Travel','0123456789',-0.50,0,'123456',NULL,'2025-12-20 04:44:03','2025-12-20 04:44:03'),(4445,'Hùng Đặngmạnh','0123456789',-0.50,0,'123456',NULL,'2025-12-20 04:44:03','2025-12-20 04:44:03'),(4446,'Việt Anh 0856868658','0123456789',-0.50,0,'123456',NULL,'2025-12-20 04:44:03','2025-12-20 04:44:03'),(4447,'Xe San Bay Luxury','0123456789',-0.75,0,'123456',NULL,'2025-12-20 04:44:03','2025-12-20 05:21:53'),(4448,'Cát Tường đã out ko trả âm','0123456789',-0.50,0,'123456',NULL,'2025-12-20 04:44:03','2025-12-20 04:44:03'),(4449,'Hoàng Anh Đức','0123456789',-0.50,0,'123456',NULL,'2025-12-20 04:44:03','2025-12-20 04:44:03'),(4450,'Nguyễn Đoàn','0123456789',-0.50,0,'123456',NULL,'2025-12-20 04:44:03','2025-12-20 04:44:03'),(4451,'Nguyễn Thanh Sedona','0123456789',-0.50,0,'123456',NULL,'2025-12-20 04:44:03','2025-12-20 04:44:03'),(4452,'Lê Văn Dung','0123456789',-0.50,0,'123456',NULL,'2025-12-20 04:44:03','2025-12-20 04:44:03'),(4453,'Taxi Nội Bài anh Khỏe','0123456789',-0.50,0,'123456',NULL,'2025-12-20 04:44:03','2025-12-20 04:44:03'),(4454,'Thắng Béo','0123456789',-0.50,0,'123456',NULL,'2025-12-20 04:44:03','2025-12-20 04:44:03'),(4455,'Xe Du Lịch Và Sân Bay','0123456789',-0.50,0,'123456',NULL,'2025-12-20 04:44:03','2025-12-20 04:44:03'),(4456,'Điều Hành Car','0123456789',-0.75,0,'123456',NULL,'2025-12-20 04:44:03','2025-12-20 04:44:03'),(4457,'Tân Nguyễn','0123456789',-0.75,0,'123456',NULL,'2025-12-20 04:44:03','2025-12-20 04:44:03'),(4458,'Tran Thanh Tung','0123456789',-0.75,0,'123456',NULL,'2025-12-20 04:44:03','2025-12-20 04:44:03'),(4459,'Pham Anh Tuan đã kich','0123456789',-0.75,0,'123456',NULL,'2025-12-20 04:44:03','2025-12-20 04:44:03'),(4460,'Chung Láng','0123456789',-0.75,0,'123456',NULL,'2025-12-20 04:44:03','2025-12-20 04:44:03'),(4461,'Nanakun','0123456789',-0.75,0,'123456',NULL,'2025-12-20 04:44:03','2025-12-20 04:44:03'),(4462,'Nguyễn Đức Duy','0123456789',-0.75,0,'123456',NULL,'2025-12-20 04:44:03','2025-12-20 04:44:03'),(4463,'Khanh Bỉ','0123456789',-0.75,0,'123456',NULL,'2025-12-20 04:44:03','2025-12-20 04:44:03'),(4464,'Hoang Binh Vios ko trả lời','0123456789',-0.75,0,'123456',NULL,'2025-12-20 04:44:03','2025-12-20 04:44:03'),(4465,'Son','0123456789',-0.75,0,'123456',NULL,'2025-12-20 04:44:03','2025-12-20 04:44:03'),(4466,'Đức Sơn','0123456789',-0.75,0,'123456',NULL,'2025-12-20 04:44:03','2025-12-20 04:44:03'),(4467,'Xe Dịch Vụ Việt Hưng','0123456789',-1.00,0,'123456',NULL,'2025-12-20 04:44:03','2025-12-20 04:44:03'),(4468,'Merci Chérie','0123456789',-1.00,0,'123456',NULL,'2025-12-20 04:44:03','2025-12-20 04:44:03'),(4469,'Đức Tài','0123456789',-1.00,0,'123456',NULL,'2025-12-20 04:44:03','2025-12-20 04:44:03'),(4470,'Hùng Transfer','0123456789',-1.00,0,'123456',NULL,'2025-12-20 04:44:03','2025-12-20 04:44:03'),(4471,'Đ Văn Nam','0123456789',-1.00,0,'123456',NULL,'2025-12-20 04:44:03','2025-12-20 04:44:03'),(4472,'Taxi Sân Bay Nội Bài Dh','0123456789',-1.00,0,'123456',NULL,'2025-12-20 04:44:03','2025-12-20 04:44:03'),(4473,'Nguyen Hoang Sang ko trả lời','0123456789',-1.00,0,'123456',NULL,'2025-12-20 04:44:03','2025-12-20 04:44:03'),(4474,'Phuong Vios chốn nợ','0123456789',-1.00,0,'123456',NULL,'2025-12-20 04:44:03','2025-12-20 04:44:03'),(4475,'Đặng Văn Hiếu ko phản hồi','0123456789',-1.00,0,'123456',NULL,'2025-12-20 04:44:03','2025-12-20 04:44:03'),(4476,'Xe Sân Bay Đi Tỉnh - Bảo Linh Car','0123456789',-1.00,0,'123456',NULL,'2025-12-20 04:44:03','2025-12-20 04:44:03'),(4477,'Khánh Taxi Vhop','0123456789',-1.25,0,'123456',NULL,'2025-12-20 04:44:03','2025-12-20 04:44:03'),(4478,'Quản Lý Xe Miền Bắc','0123456789',-1.50,0,'123456',NULL,'2025-12-20 04:44:03','2025-12-20 04:44:03'),(4479,'Taxi Noibai Chính Hãng','0123456789',-1.50,0,'123456',NULL,'2025-12-20 04:44:03','2025-12-20 04:44:03'),(4480,'Khánh Linh','0123456789',-2.00,0,'123456',NULL,'2025-12-20 04:44:03','2025-12-20 04:44:03'),(4481,'Vận Tải Hải Phát','0123456789',-2.00,0,'123456',NULL,'2025-12-20 04:44:03','2025-12-20 04:44:03'),(4482,'Lê Thị Kim Yến','0123456789',-2.50,0,'123456',NULL,'2025-12-20 04:44:03','2025-12-20 05:04:47'),(4483,'a','0123456789',-2.50,0,'123456',NULL,'2025-12-20 04:44:03','2025-12-20 04:44:03'),(4484,'Trường Thịnh Gha','0123456789',-3.00,0,'123456',NULL,'2025-12-20 04:44:03','2025-12-20 04:44:03'),(4485,'Trịnh Tùng','0123456789',-3.50,0,'123456',NULL,'2025-12-20 04:44:03','2025-12-20 04:44:03'),(4486,'Quỹ sử phat','0123456789',-13.25,0,'123456',NULL,'2025-12-20 04:44:03','2025-12-20 04:44:03'),(4487,'Kế Toán Full House','0123456789',-809.00,0,'123456',NULL,'2025-12-20 04:44:03','2025-12-20 07:33:31');
/*!40000 ALTER TABLE `nguoi_dung` ENABLE KEYS */;
UNLOCK TABLES;
/*!40103 SET TIME_ZONE=@OLD_TIME_ZONE */;

/*!40101 SET SQL_MODE=@OLD_SQL_MODE */;
/*!40014 SET FOREIGN_KEY_CHECKS=@OLD_FOREIGN_KEY_CHECKS */;
/*!40014 SET UNIQUE_CHECKS=@OLD_UNIQUE_CHECKS */;
/*!40101 SET CHARACTER_SET_CLIENT=@OLD_CHARACTER_SET_CLIENT */;
/*!40101 SET CHARACTER_SET_RESULTS=@OLD_CHARACTER_SET_RESULTS */;
/*!40101 SET COLLATION_CONNECTION=@OLD_COLLATION_CONNECTION */;
/*!40111 SET SQL_NOTES=@OLD_SQL_NOTES */;

-- Dump completed on 2025-12-20  7:52:15
